playername,age,team,status,team_strength,schedule_rating,schedule_source,multiplier,Firepower,Firepower adjusted,Entrying,Entrying adjusted,Trading,Trading adjusted,Opening,Opening adjusted,Clutching,Clutching adjusted,Sniping,Sniping adjusted,Utility,Utility adjusted,Rating 3.0,Rating 3.0 adjusted
1eeR,24,,active,,148.08891833201187,none,1.0,22.0,22.0,54.0,54.0,26.0,26.0,33.0,33.0,36.0,36.0,1.0,1.0,83.0,83.0,0.92,0.92
7Kick,21,,active,,148.08891833201187,none,1.0,68.0,68.0,30.0,30.0,43.0,43.0,68.0,68.0,83.0,83.0,93.0,93.0,57.0,57.0,1.06,1.06
910,24,The MongolZ,active,1681.0336048052138,244.8022143459738,opponents,1.0725349720104715,88.0,94.38,26.0,27.89,23.0,24.67,79.0,84.73,44.0,47.19,94.0,100.82,64.0,68.64,1.17,1.25
acoR,29,Sashi,active,1653.9970178115238,122.90820531273323,opponents,0.981114465235541,69.0,67.7,36.0,35.32,65.0,63.77,76.0,74.56,73.0,71.62,94.0,92.22,66.0,64.75,1.07,1.05
adamb,21,OG,active,1576.4992131340546,154.32561095135642,opponents,1.0046775194645083,74.0,74.35,66.0,66.31,68.0,68.32,50.0,50.23,26.0,26.12,0.0,0.0,43.0,43.2,1.13,1.14
adamS,25,Sangal,active,1557.0730978926963,115.58166485518257,opponents,0.975619559892378,96.0,93.66,72.0,70.24,68.0,66.34,89.0,86.83,57.0,55.61,1.0,0.98,44.0,42.93,1.33,1.3
afro,27,Luminosity,active,1438.8333102247122,69.79484846371072,opponents,0.9412794475987741,45.0,42.36,2.0,1.88,43.0,40.48,43.0,40.48,64.0,60.24,94.0,88.48,70.0,65.89,1.0,0.94
Ag1l,23,100 Thieves,benched,1682.4420724096733,170.52089604457836,opponents,1.0168239832844248,30.0,30.5,42.0,42.71,16.0,16.27,26.0,26.44,24.0,24.4,0.0,0.0,53.0,53.89,0.98,1.0
Aleksib,29,Natus Vincere,active,1746.5534570330556,238.52211020400316,opponents,1.0678248939039934,3.0,3.2,85.0,90.77,43.0,45.92,6.0,6.41,42.0,44.85,0.0,0.0,86.0,91.83,0.87,0.93
alex,30,Iberian Soul,active,1656.8159545618244,150.1694030258604,opponents,1.0015603635203865,46.0,46.07,78.0,78.12,59.0,59.09,46.0,46.07,39.0,39.06,0.0,0.0,77.0,77.12,1.0,1.0
alex666,25,B8,active,1654.3543639529853,194.24191907572856,opponents,1.0346147505577876,25.0,25.87,34.0,35.18,26.0,26.9,31.0,32.07,71.0,73.46,0.0,0.0,71.0,73.46,0.97,1.0
aliStair,28,THUNDER dOWNUNDER,active,1675.9405396918091,-245.09234478389627,opponents,0.7051140526630689,27.0,19.04,37.0,26.09,10.0,7.05,63.0,44.42,63.0,44.42,91.0,64.17,76.0,53.59,1.0,0.71
Alkaren,19,CYBERSHOKE,loan,1652.9515319094353,118.19381574311295,opponents,0.9775786730583258,89.0,87.0,18.0,17.6,43.0,42.04,90.0,87.98,76.0,74.3,92.0,89.94,62.0,60.61,1.18,1.15
Altekz,23,,active,,148.08891833201187,none,1.0,51.0,51.0,53.0,53.0,68.0,68.0,24.0,24.0,71.0,71.0,0.0,0.0,47.0,47.0,1.04,1.04
Anlelele,25,Sashi,active,1653.9970178115238,122.90820531273323,opponents,0.981114465235541,45.0,44.15,90.0,88.3,91.0,89.28,25.0,24.53,64.0,62.79,0.0,0.0,42.0,41.21,1.08,1.06
apEX,33,Vitality,active,1827.7258930761996,237.88823539413758,opponents,1.0673494877965943,30.0,32.02,47.0,50.17,27.0,28.82,82.0,87.52,33.0,35.22,0.0,0.0,94.0,100.33,0.9,0.96
aragornN,24,BC.Game,benched,1547.8573057379494,158.53701519680774,opponents,1.0078360726485969,,,,,,,,,,,,,,,,
arrozdoce,24,,active,,148.08891833201187,none,1.0,,,,,,,,,,,,,,,,
arT,30,Legacy,active,1742.4888102009531,180.1318312515216,opponents,1.0240321846896323,12.0,12.29,59.0,60.42,17.0,17.41,72.0,73.73,18.0,18.43,5.0,5.12,74.0,75.78,0.88,0.9
ArtFr0st,24,1win,loan,1665.360095754858,116.44036785996246,opponents,0.976263587145963,56.0,54.67,8.0,7.81,73.0,71.27,42.0,41.0,89.0,86.89,93.0,90.79,87.0,84.93,1.09,1.06
avid,24,Alliance,active,1715.8864991153564,136.39164380726157,opponents,0.9912270441064372,70.0,69.39,58.0,57.49,73.0,72.36,69.0,68.39,38.0,37.67,0.0,0.0,52.0,51.54,1.13,1.12
AW,20,magic,active,1699.6806369624917,179.70356925904755,opponents,1.0237109881952768,62.0,63.47,47.0,48.11,53.0,54.26,43.0,44.02,70.0,71.66,0.0,0.0,68.0,69.61,1.14,1.17
Ax1Le,24,1win,active,1665.360095754858,116.44036785996246,opponents,0.976263587145963,91.0,88.84,64.0,62.48,57.0,55.65,64.0,62.48,31.0,30.26,3.0,2.93,84.0,82.01,1.18,1.15
AZUWU,22,Luminosity,active,1438.8333102247122,69.79484846371072,opponents,0.9412794475987741,61.0,57.42,79.0,74.36,51.0,48.01,89.0,83.77,40.0,37.65,0.0,0.0,55.0,51.77,1.07,1.01
b1st,18,Virtus.pro,active,1630.324794914099,183.48691185957026,opponents,1.0265484951456687,82.0,84.18,49.0,50.3,44.0,45.17,90.0,92.39,69.0,70.83,95.0,97.52,62.0,63.65,1.2,1.23
b1t,23,Natus Vincere,active,1746.5534570330556,238.52211020400316,opponents,1.0678248939039934,84.0,89.7,34.0,36.31,63.0,67.27,50.0,53.39,28.0,29.9,4.0,4.27,45.0,48.05,1.18,1.26
Banjo,22,FOKUS,active,1599.0116516728226,147.5288877961726,opponents,0.9995799770981205,48.0,47.98,49.0,48.98,63.0,62.97,30.0,29.99,75.0,74.97,0.0,0.0,49.0,48.98,1.06,1.06
beastik,28,SINNERS,active,1581.1070934884442,139.00997953706243,opponents,0.9931907959037879,22.0,21.85,50.0,49.66,6.0,5.96,66.0,65.55,26.0,25.82,0.0,0.0,78.0,77.47,0.92,0.91
BELCHONOKK,22,1win,loan,1665.360095754858,116.44036785996246,opponents,0.976263587145963,37.0,36.12,84.0,82.01,64.0,62.48,60.0,58.58,51.0,49.79,0.0,0.0,40.0,39.05,1.02,1.0
biguzera,29,paiN,active,1600.6811748667694,190.7792778930125,opponents,1.0320177696707504,50.0,51.6,51.0,52.63,30.0,30.96,54.0,55.73,76.0,78.43,1.0,1.03,88.0,90.82,1.0,1.03
blameF,29,BIG,active,1720.390411399902,134.5447652002388,opponents,0.9898418851511702,87.0,86.12,11.0,10.89,83.0,82.16,61.0,60.38,70.0,69.29,0.0,0.0,65.0,64.34,1.16,1.15
bLitz,25,The MongolZ,active,1681.0336048052138,244.8022143459738,opponents,1.0725349720104715,50.0,53.63,46.0,49.34,50.0,53.63,56.0,60.06,65.0,69.71,1.0,1.07,95.0,101.89,1.0,1.07
bobeksde,22,Alliance,active,1715.8864991153564,136.39164380726157,opponents,0.9912270441064372,87.0,86.24,29.0,28.75,31.0,30.73,90.0,89.21,28.0,27.75,0.0,0.0,64.0,63.44,1.11,1.1
bodyy,29,OG,loan,1576.4992131340546,154.32561095135642,opponents,1.0046775194645083,61.0,61.29,39.0,39.18,20.0,20.09,75.0,75.35,24.0,24.11,0.0,0.0,67.0,67.31,1.01,1.01
Boombl4,27,BetBoom,active,1721.2632332777318,178.33035050143243,opponents,1.0226810741270653,33.0,33.75,75.0,76.7,62.0,63.41,31.0,31.7,46.0,47.04,0.0,0.0,80.0,81.81,0.96,0.98
br0,24,Eternal Fire,active,1609.0502361493418,94.77649241851424,opponents,0.9600156805648767,19.0,18.24,58.0,55.68,31.0,29.76,30.0,28.8,27.0,25.92,1.0,0.96,66.0,63.36,0.92,0.88
brnz4n,22,MIBR,active,1692.38028485306,128.7161332822741,opponents,0.9854704112126966,13.0,12.81,71.0,69.97,56.0,55.19,49.0,48.29,33.0,32.52,1.0,0.99,31.0,30.55,0.91,0.9
broky,25,FaZe,benched,1672.8628485618008,218.1543596068984,opponents,1.0525490809561648,49.0,51.57,72.0,75.78,38.0,40.0,46.0,48.42,49.0,51.57,93.0,97.89,71.0,74.73,0.99,1.04
Brollan,24,HEROIC,active,1624.395013635111,200.56227012302958,opponents,1.0393550138432632,40.0,41.57,37.0,38.46,23.0,23.91,60.0,62.36,47.0,48.85,0.0,0.0,52.0,54.05,1.03,1.07
buda,23,BESTIA,active,1669.824377197418,84.66659495351098,opponents,0.9524332574661243,65.0,61.91,87.0,82.86,48.0,45.72,73.0,69.53,51.0,48.57,0.0,0.0,86.0,81.91,1.06,1.01
Burmylov,19,,active,,148.08891833201187,none,1.0,98.0,98.0,29.0,29.0,58.0,58.0,89.0,89.0,76.0,76.0,94.0,94.0,29.0,29.0,1.22,1.22
Buzz,23,,active,,148.08891833201187,none,1.0,,,,,,,,,,,,,,,,
Bymas,23,Luminosity,active,1438.8333102247122,69.79484846371072,opponents,0.9412794475987741,6.0,5.65,32.0,30.12,71.0,66.83,16.0,15.06,40.0,37.65,0.0,0.0,29.0,27.3,0.87,0.82
C4LLM3SU3,22,Lynn Vision,active,1653.8232371098454,132.89874424948118,opponents,0.988607369438102,33.0,32.62,37.0,36.58,51.0,50.42,24.0,23.73,84.0,83.04,1.0,0.99,44.0,43.5,0.97,0.96
Cabbi,28,Sashi,active,1653.9970178115238,122.90820531273323,opponents,0.981114465235541,45.0,44.15,72.0,70.64,61.0,59.85,79.0,77.51,51.0,50.04,0.0,0.0,68.0,66.72,1.0,0.98
CacaNito,25,JiJieHao,active,1639.822390577609,116.5502715281842,opponents,0.9763460148971292,89.0,86.89,62.0,60.53,60.0,58.58,85.0,82.99,31.0,30.27,1.0,0.98,55.0,53.7,1.17,1.14
cadiaN,31,OG,active,1576.4992131340546,154.32561095135642,opponents,1.0046775194645083,46.0,46.22,19.0,19.09,40.0,40.19,74.0,74.35,73.0,73.34,92.0,92.43,84.0,84.39,0.99,0.99
cairne,23,fnatic,active,1675.095989585014,134.11846270791042,opponents,0.9895221582819239,70.0,69.27,52.0,51.46,37.0,36.61,53.0,52.44,32.0,31.66,0.0,0.0,40.0,39.58,1.17,1.16
Calyx,28,,active,,148.08891833201187,none,1.0,,,,,,,,,,,,,,,,
cej0t,19,Phantom,active,1610.7381219004374,95.33148967116006,opponents,0.9604319285043611,44.0,42.26,58.0,55.71,32.0,30.73,37.0,35.54,76.0,72.99,0.0,0.0,61.0,58.59,1.02,0.98
CeRq,26,,active,,148.08891833201187,none,1.0,,,,,,,,,,,,,,,,
chayJESUS,25,RED Canids,benched,1576.4775698951555,89.59631396585226,opponents,0.9561305467253803,,,,,,,,,,,,,,,,
ultimate,22,Betclic,active,1600.329376921236,127.12908102166287,opponents,0.9842801220172382,46.0,45.28,14.0,13.78,32.0,31.5,56.0,55.12,77.0,75.79,90.0,88.59,51.0,50.2,1.03,1.01
urban0,22,Bounty Hunters,active,1556.7584177992333,18.2153630980723,opponents,0.9025948335745453,,,,,,,,,,,,,,,,
FL1T,25,PARIVISION,active,1652.1306147179534,199.20152949095308,opponents,1.0383344583692058,52.0,53.99,49.0,50.88,77.0,79.95,55.0,57.11,47.0,48.8,0.0,0.0,64.0,66.45,0.97,1.01
HObbit,32,,active,,148.08891833201187,none,1.0,19.0,19.0,27.0,27.0,23.0,23.0,42.0,42.0,37.0,37.0,1.0,1.0,78.0,78.0,0.9,0.9
FL4MUS,22,GamerLegion,active,1622.1465889094538,196.67209984458577,opponents,1.0364373861344305,82.0,84.99,39.0,40.42,39.0,40.42,69.0,71.51,35.0,36.28,0.0,0.0,37.0,38.35,1.12,1.16
chelo,28,Imperial,active,1715.4338789766566,67.58140952791243,opponents,0.9396193683969254,59.0,55.44,65.0,61.08,22.0,20.67,72.0,67.65,44.0,41.34,0.0,0.0,62.0,58.26,1.12,1.05
ChildKing,26,Rare Atom,benched,1444.151786146121,48.92584238142623,opponents,0.9256276930370608,,,,,,,,,,,,,,,,
chopper,29,Spirit,benched,1878.12070818945,237.49341462471634,opponents,1.0670533722195283,,,,,,,,,,,,,,,,
Chr1zN,19,HEROIC,active,1624.395013635111,200.56227012302958,opponents,1.0393550138432632,56.0,58.2,81.0,84.19,38.0,39.5,47.0,48.85,37.0,38.46,1.0,1.04,82.0,85.23,1.07,1.11
clax,24,K27,active,1652.9711668722243,129.90188497106243,opponents,0.9863597249792879,52.0,51.29,49.0,48.33,42.0,41.43,31.0,30.58,46.0,45.37,0.0,0.0,61.0,60.17,1.06,1.05
cmtry,18,FUT,active,1770.2163931403547,207.1888287999037,opponents,1.0443249328509188,16.0,16.71,24.0,25.06,42.0,43.86,27.0,28.2,73.0,76.24,88.0,91.9,64.0,66.84,0.95,0.99
cobrazera,21,The MongolZ,benched,1681.0336048052138,244.8022143459738,opponents,1.0725349720104715,58.0,62.21,53.0,56.84,55.0,58.99,42.0,45.05,61.0,65.42,1.0,1.07,30.0,32.18,1.06,1.14
coldzera,31,,active,,148.08891833201187,none,1.0,,,,,,,,,,,,,,,,
controlez,29,The Huns,active,1550.4996128512016,81.34374654774422,opponents,0.9499411211617993,54.0,51.3,76.0,72.2,26.0,24.7,78.0,74.1,27.0,25.65,5.0,4.75,43.0,40.85,0.97,0.92
coolio,26,FUT,coach,1770.2163931403547,207.1888287999037,opponents,1.0443249328509188,,,,,,,,,,,,,,,,
cptkurtka023,27,Inner Circle,active,1689.4048314241809,156.73563360082977,opponents,1.0064850364516134,62.0,62.4,96.0,96.62,30.0,30.19,83.0,83.54,34.0,34.22,0.0,0.0,39.0,39.25,1.1,1.11
CRUC1AL,29,,active,,148.08891833201187,none,1.0,69.0,69.0,28.0,28.0,69.0,69.0,45.0,45.0,71.0,71.0,84.0,84.0,45.0,45.0,1.13,1.13
Cxzi,26,Wildcard,active,1635.0497135784449,96.15998685077163,opponents,0.9610533013890699,46.0,44.21,78.0,74.96,70.0,67.27,79.0,75.92,36.0,34.6,0.0,0.0,59.0,56.7,1.01,0.97
CYPHER,23,,active,,148.08891833201187,none,1.0,96.0,96.0,89.0,89.0,43.0,43.0,81.0,81.0,41.0,41.0,0.0,0.0,54.0,54.0,1.26,1.26
d1Ledez,23,BetBoom,active,1721.2632332777318,178.33035050143243,opponents,1.0226810741270653,55.0,56.25,67.0,68.52,80.0,81.81,14.0,14.32,54.0,55.22,0.0,0.0,35.0,35.79,1.03,1.05
DarkMeister,18,The MongolZ,active,1681.0336048052138,244.8022143459738,opponents,1.0725349720104715,58.0,62.21,26.0,27.89,78.0,83.66,57.0,61.13,32.0,34.32,5.0,5.36,23.0,24.67,1.01,1.08
dav1deuS,26,Fluxo,active,1602.8519242428213,78.44931192116412,opponents,0.9477702951918642,87.0,82.46,50.0,47.39,53.0,50.23,63.0,59.71,41.0,38.86,3.0,2.84,36.0,34.12,1.13,1.07
dav1g,25,Iberian Soul,active,1656.8159545618244,150.1694030258604,opponents,1.0015603635203865,28.0,28.04,82.0,82.13,57.0,57.09,58.0,58.09,35.0,35.05,0.0,0.0,53.0,53.08,0.96,0.96
Dawy,18,Inner Circle,active,1689.4048314241809,156.73563360082977,opponents,1.0064850364516134,97.0,97.63,79.0,79.51,75.0,75.49,85.0,85.55,31.0,31.2,0.0,0.0,30.0,30.19,1.23,1.24
decenty,22,Imperial,active,1715.4338789766566,67.58140952791243,opponents,0.9396193683969254,80.0,75.17,42.0,39.46,59.0,55.44,56.0,52.62,32.0,30.07,0.0,0.0,34.0,31.95,1.1,1.03
deemO,18,Yawara,active,1554.140266966471,30.918677062924885,opponents,0.9121223190481847,40.0,36.48,56.0,51.08,42.0,38.31,37.0,33.75,45.0,41.05,0.0,0.0,48.0,43.78,1.04,0.95
degster,25,,active,,148.08891833201187,none,1.0,,,,,,,,,,,,,,,,
deko,25,WW,active,1597.5310891791582,94.55646767937331,opponents,0.959850662010521,97.0,93.11,4.0,3.84,32.0,30.72,82.0,78.71,68.0,65.27,93.0,89.27,48.0,46.07,1.21,1.16
dem0n,18,FUT,active,1770.2163931403547,207.1888287999037,opponents,1.0443249328509188,56.0,58.48,67.0,69.97,88.0,91.9,35.0,36.55,52.0,54.3,0.0,0.0,39.0,40.73,1.03,1.08
Demho,25,Betclic,active,1600.329376921236,127.12908102166287,opponents,0.9842801220172382,42.0,41.34,43.0,42.32,15.0,14.76,31.0,30.51,60.0,59.06,0.0,0.0,54.0,53.15,1.08,1.06
DemQQ,25,,active,,148.08891833201187,none,1.0,27.0,27.0,77.0,77.0,19.0,19.0,25.0,25.0,46.0,46.0,0.0,0.0,42.0,42.0,1.02,1.02
device,30,100 Thieves,active,1682.4420724096733,170.52089604457836,opponents,1.0168239832844248,88.0,89.48,7.0,7.12,27.0,27.45,79.0,80.33,71.0,72.19,92.0,93.55,87.0,88.46,1.17,1.19
dex,25,EYEBALLERS,active,1636.1883669237743,151.22891003271707,opponents,1.002354993775529,51.0,51.12,51.0,51.12,33.0,33.08,57.0,57.13,50.0,50.12,0.0,0.0,65.0,65.15,0.97,0.97
dexter,32,THUNDER dOWNUNDER,active,1675.9405396918091,-245.09234478389627,opponents,0.7051140526630689,46.0,32.44,45.0,31.73,56.0,39.49,67.0,47.24,41.0,28.91,2.0,1.41,77.0,54.29,0.93,0.66
dgt,25,9z,loan,1747.3062900514851,122.32603898590348,opponents,0.9806778404904187,66.0,64.72,41.0,40.21,56.0,54.92,74.0,72.57,57.0,55.9,0.0,0.0,45.0,44.13,1.06,1.04
Djoko,29,GenOne,active,1660.7597758402346,79.4473782504162,opponents,0.9485188449388032,60.0,56.91,66.0,62.6,68.0,64.5,59.0,55.96,45.0,42.68,0.0,0.0,69.0,65.45,1.04,0.99
doc,23,DENDELE,active,1528.8684631324911,207.45893677035573,opponents,1.044527513828758,82.0,85.65,84.0,87.74,57.0,59.54,86.0,89.83,48.0,50.14,0.0,0.0,65.0,67.89,1.14,1.19
donk,19,Spirit,active,1878.12070818945,237.49341462471634,opponents,1.0670533722195283,100.0,106.71,66.0,70.43,75.0,80.03,96.0,102.44,66.0,70.43,0.0,0.0,27.0,28.81,1.41,1.5
drop,22,,active,,148.08891833201187,none,1.0,,,,,,,,,,,,,,,,
dukefissura,30,Game Point,loan,1439.2819117398203,-5.357174918336025,opponents,0.884915430062239,75.0,66.37,1.0,0.88,0.0,0.0,55.0,48.67,23.0,20.35,0.0,0.0,22.0,19.47,0.95,0.84
dumau,22,Legacy,active,1742.4888102009531,180.1318312515216,opponents,1.0240321846896323,83.0,84.99,54.0,55.3,36.0,36.87,85.0,87.04,27.0,27.65,0.0,0.0,77.0,78.85,1.12,1.15
dwushka,21,HOTU,loan,1675.4792671501789,125.37284544701232,opponents,0.9829629453362504,64.0,62.91,37.0,36.37,36.0,35.39,48.0,47.18,74.0,72.74,0.0,0.0,32.0,31.45,1.09,1.07
dycha,29,,active,,148.08891833201187,none,1.0,,,,,,,,,,,,,,,,
dziugss,17,FUT,active,1770.2163931403547,207.1888287999037,opponents,1.0443249328509188,75.0,78.32,78.0,81.46,69.0,72.06,40.0,41.77,51.0,53.26,0.0,0.0,42.0,43.86,1.14,1.19
electroNic,27,BC.Game,active,1547.8573057379494,158.53701519680774,opponents,1.0078360726485969,34.0,34.27,87.0,87.68,42.0,42.33,30.0,30.24,36.0,36.28,1.0,1.01,57.0,57.45,0.99,1.0
EliGE,29,Liquid,active,1609.9052479419158,191.8279223835957,opponents,1.0328042530386878,88.0,90.89,85.0,87.79,78.0,80.56,83.0,85.72,54.0,55.77,0.0,0.0,39.0,40.28,1.17,1.21
EmiliaQAQ,21,Lynn Vision,active,1653.8232371098454,132.89874424948118,opponents,0.988607369438102,24.0,23.73,44.0,43.5,40.0,39.54,39.0,38.56,49.0,48.44,0.0,0.0,49.0,48.44,0.93,0.92
eraa,25,Alliance,active,1715.8864991153564,136.39164380726157,opponents,0.9912270441064372,89.0,88.22,20.0,19.82,44.0,43.61,70.0,69.39,78.0,77.32,93.0,92.18,67.0,66.41,1.17,1.16
esenthial,20,B8,active,1654.3543639529853,194.24191907572856,opponents,1.0346147505577876,24.0,24.83,52.0,53.8,57.0,58.97,26.0,26.9,53.0,54.83,0.0,0.0,32.0,33.11,0.96,0.99
ewjerkz,25,SAW,active,1478.9719330248672,137.24889842301516,opponents,0.9918699850682524,30.0,29.76,85.0,84.31,53.0,52.57,57.0,56.54,18.0,17.85,0.0,0.0,61.0,60.5,0.98,0.97
Ex3rcice,26,3DMAX,benched,1537.592937485416,199.22131896127564,opponents,1.0383493004719477,22.0,22.84,85.0,88.26,88.0,91.37,23.0,23.88,82.0,85.14,0.0,0.0,47.0,48.8,0.92,0.96
exit,29,Fluxo,active,1602.8519242428213,78.44931192116412,opponents,0.9477702951918642,63.0,59.71,36.0,34.12,61.0,57.81,35.0,33.17,76.0,72.03,0.0,0.0,91.0,86.25,1.13,1.07
F1KU,23,Metizport,active,1604.9736307652106,105.82173753107587,opponents,0.968299614399298,55.0,53.26,45.0,43.57,55.0,53.26,30.0,29.05,43.0,41.64,0.0,0.0,50.0,48.41,1.1,1.07
FalleN,35,FURIA,active,1766.3325304701589,215.18010199942617,opponents,1.0503183877505606,12.0,12.6,42.0,44.11,8.0,8.4,24.0,25.21,22.0,23.11,8.0,8.4,74.0,77.72,0.89,0.93
fame,23,1win,active,1665.360095754858,116.44036785996246,opponents,0.976263587145963,55.0,53.69,78.0,76.15,57.0,55.65,39.0,38.07,66.0,64.43,0.0,0.0,56.0,54.67,1.11,1.08
FaNg,24,,active,,148.08891833201187,none,1.0,,,,,,,,,,,,,,,,
faveN,26,BIG,active,1720.390411399902,134.5447652002388,opponents,0.9898418851511702,25.0,24.75,76.0,75.23,71.0,70.28,39.0,38.6,69.0,68.3,1.0,0.99,30.0,29.7,0.99,0.98
fEAR,25,fnatic,active,1675.095989585014,134.11846270791042,opponents,0.9895221582819239,36.0,35.62,61.0,60.36,9.0,8.91,49.0,48.49,55.0,54.42,0.0,0.0,83.0,82.13,0.98,0.97
felps,29,,active,,148.08891833201187,none,1.0,,,,,,,,,,,,,,,,
flameZ,23,Vitality,active,1827.7258930761996,237.88823539413758,opponents,1.0673494877965943,78.0,83.25,87.0,92.86,17.0,18.14,93.0,99.26,10.0,10.67,0.0,0.0,66.0,70.45,1.14,1.22
flashie,30,Liquid,coach,1609.9052479419158,191.8279223835957,opponents,1.0328042530386878,10.0,10.33,8.0,8.26,27.0,27.89,69.0,71.26,21.0,21.69,0.0,0.0,52.0,53.71,0.71,0.73
Flierax,20,Inner Circle,benched,1689.4048314241809,156.73563360082977,opponents,1.0064850364516134,96.0,96.62,6.0,6.04,15.0,15.1,93.0,93.6,68.0,68.44,95.0,95.62,41.0,41.27,1.33,1.34
floppy,26,,active,,148.08891833201187,none,1.0,,,,,,,,,,,,,,,,
fr3nd,24,,active,,148.08891833201187,none,1.0,52.0,52.0,15.0,15.0,34.0,34.0,57.0,57.0,81.0,81.0,93.0,93.0,50.0,50.0,1.06,1.06
frontales,24,HOTU,active,1675.4792671501789,125.37284544701232,opponents,0.9829629453362504,58.0,57.01,16.0,15.73,35.0,34.4,67.0,65.86,73.0,71.76,95.0,93.38,64.0,62.91,1.12,1.1
frozen,24,FaZe,active,1672.8628485618008,218.1543596068984,opponents,1.0525490809561648,77.0,81.05,44.0,46.31,60.0,63.15,50.0,52.63,41.0,43.15,1.0,1.05,39.0,41.05,1.18,1.24
gafolo,24,DENDELE,active,1528.8684631324911,207.45893677035573,opponents,1.044527513828758,12.0,12.53,93.0,97.14,70.0,73.12,23.0,24.02,41.0,42.83,0.0,0.0,77.0,80.43,0.93,0.97
Gizmy,22,100 Thieves,active,1682.4420724096733,170.52089604457836,opponents,1.0168239832844248,47.0,47.79,66.0,67.11,24.0,24.4,64.0,65.08,68.0,69.14,2.0,2.03,93.0,94.56,1.03,1.05
Goofy,25,,active,,148.08891833201187,none,1.0,33.0,33.0,42.0,42.0,61.0,61.0,39.0,39.0,24.0,24.0,4.0,4.0,64.0,64.0,0.95,0.95
gr1ks,20,BIG,active,1720.390411399902,134.5447652002388,opponents,0.9898418851511702,76.0,75.23,25.0,24.75,52.0,51.47,71.0,70.28,66.0,65.33,95.0,94.03,64.0,63.35,1.1,1.09
Graviti,22,3DMAX,active,1537.592937485416,199.22131896127564,opponents,1.0383493004719477,24.0,24.92,77.0,79.95,60.0,62.3,62.0,64.38,38.0,39.46,0.0,0.0,59.0,61.26,0.92,0.96
Grim,25,NRG,active,1655.499688433168,110.35983331747302,opponents,0.9717031862390959,81.0,78.71,72.0,69.96,61.0,59.27,55.0,53.44,45.0,43.73,0.0,0.0,40.0,38.87,1.16,1.13
gtw,15,RED Canids Academy,active,1504.4977298011313,51.329714037577254,opponents,0.927430596779174,,,,,,,,,,,,,,,,
hades,26,,active,,148.08891833201187,none,1.0,54.0,54.0,8.0,8.0,29.0,29.0,52.0,52.0,62.0,62.0,92.0,92.0,64.0,64.0,1.03,1.03
hAdji,30,,active,,148.08891833201187,none,1.0,55.0,55.0,67.0,67.0,30.0,30.0,26.0,26.0,43.0,43.0,0.0,0.0,40.0,40.0,1.03,1.03
hallzerk,26,NRG,active,1655.499688433168,110.35983331747302,opponents,0.9717031862390959,79.0,76.76,70.0,68.02,81.0,78.71,61.0,59.27,87.0,84.54,87.0,84.54,79.0,76.76,1.16,1.13
headtr1ck,22,Inner Circle,active,1689.4048314241809,156.73563360082977,opponents,1.0064850364516134,74.0,74.48,23.0,23.15,83.0,83.54,36.0,36.23,93.0,93.6,82.0,82.53,67.0,67.43,1.15,1.16
HeavyGod,24,G2,active,1730.170410648389,223.28120437026644,opponents,1.0563942145286909,70.0,73.95,56.0,59.16,28.0,29.58,37.0,39.09,49.0,51.76,3.0,3.17,55.0,58.1,1.17,1.24
HEN1,31,Gaimin Gladiators,benched,1469.660763985539,123.48322617221689,opponents,0.9815457308801537,20.0,19.63,23.0,22.58,42.0,41.22,51.0,50.06,94.0,92.27,84.0,82.45,65.0,63.8,0.86,0.84
HexT,24,Wildcard,active,1635.0497135784449,96.15998685077163,opponents,0.9610533013890699,36.0,34.6,32.0,30.75,37.0,35.56,25.0,24.03,73.0,70.16,0.0,0.0,42.0,40.36,1.03,0.99
hfah,20,BRUTE,active,1556.3595666390831,64.19027665498912,opponents,0.9370760187422329,31.0,29.05,59.0,55.29,51.0,47.79,32.0,29.99,33.0,30.92,0.0,0.0,23.0,21.55,0.97,0.91
HooXi,31,Astralis,active,1659.8337378957483,220.82521894625424,opponents,1.0545522254606818,6.0,6.33,84.0,88.58,19.0,20.04,27.0,28.47,25.0,26.36,3.0,3.16,78.0,82.26,0.88,0.93
HUASOPEEK,23,9z,active,1747.3062900514851,122.32603898590348,opponents,0.9806778404904187,64.0,62.76,90.0,88.26,60.0,58.84,40.0,39.23,34.0,33.34,0.0,0.0,54.0,52.96,1.1,1.08
huNter-,30,G2,active,1730.170410648389,223.28120437026644,opponents,1.0563942145286909,65.0,68.67,75.0,79.23,88.0,92.96,25.0,26.41,38.0,40.14,0.0,0.0,89.0,94.02,1.05,1.11
hyped,25,,active,,148.08891833201187,none,1.0,,,,,,,,,,,,,,,,
hypex,22,GamerLegion,active,1622.1465889094538,196.67209984458577,opponents,1.0364373861344305,29.0,30.06,63.0,65.3,66.0,68.4,36.0,37.31,60.0,62.19,79.0,81.88,55.0,57.0,0.98,1.02
IceBerg,25,Echo,active,1595.4877216437917,130.67142206606627,opponents,0.9869368778005408,12.0,11.84,84.0,82.9,11.0,10.86,55.0,54.28,36.0,35.53,0.0,0.0,58.0,57.24,0.83,0.82
ICY,21,Endless Journey,loan,1509.0798994036672,90.48644334556977,opponents,0.9567981437601685,91.0,87.07,26.0,24.88,56.0,53.58,51.0,48.8,51.0,48.8,91.0,87.07,38.0,36.36,1.38,1.32
iM,27,Natus Vincere,active,1746.5534570330556,238.52211020400316,opponents,1.0678248939039934,74.0,79.02,42.0,44.85,69.0,73.68,56.0,59.8,59.0,63.0,0.0,0.0,51.0,54.46,1.06,1.13
INS,27,FlyQuest,active,1627.4272801353404,77.89870676041255,opponents,0.9473573413213006,61.0,57.79,58.0,54.95,51.0,48.32,27.0,25.58,30.0,28.42,0.0,0.0,94.0,89.05,1.05,0.99
insani,22,MIBR,active,1692.38028485306,128.7161332822741,opponents,0.9854704112126966,97.0,95.59,84.0,82.78,55.0,54.2,91.0,89.68,41.0,40.4,0.0,0.0,71.0,69.97,1.24,1.22
interz,26,,active,,148.08891833201187,none,1.0,,,,,,,,,,,,,,,,
isak,24,,active,,148.08891833201187,none,1.0,72.0,72.0,14.0,14.0,48.0,48.0,60.0,60.0,59.0,59.0,5.0,5.0,25.0,25.0,1.15,1.15
jabbi,23,Astralis,active,1659.8337378957483,220.82521894625424,opponents,1.0545522254606818,71.0,74.87,40.0,42.18,32.0,33.75,44.0,46.4,68.0,71.71,1.0,1.05,42.0,44.29,1.06,1.12
jackasmo,19,fnatic,active,1675.095989585014,134.11846270791042,opponents,0.9895221582819239,90.0,89.06,39.0,38.59,54.0,53.43,46.0,45.52,30.0,29.69,0.0,0.0,74.0,73.22,1.19,1.18
JACKZ,34,,active,,148.08891833201187,none,1.0,94.0,94.0,15.0,15.0,50.0,50.0,44.0,44.0,62.0,62.0,2.0,2.0,36.0,36.0,1.23,1.23
jambo,21,fnatic,active,1675.095989585014,134.11846270791042,opponents,0.9895221582819239,84.0,83.12,23.0,22.76,24.0,23.75,91.0,90.05,68.0,67.29,93.0,92.03,58.0,57.39,1.19,1.18
Jame,27,PARIVISION,active,1652.1306147179534,199.20152949095308,opponents,1.0383344583692058,49.0,50.88,5.0,5.19,19.0,19.73,74.0,76.84,79.0,82.03,95.0,98.64,67.0,69.57,1.05,1.09
JamYoung,25,TYLOO,active,1643.7006824791729,131.1506221981803,opponents,0.9872962778996263,71.0,70.1,70.0,69.11,43.0,42.45,86.0,84.91,50.0,49.36,0.0,0.0,56.0,55.29,1.14,1.13
JBa,22,M80,active,1646.6994107512587,129.44969330251243,opponents,0.9860205812278754,49.0,48.32,39.0,38.45,55.0,54.23,28.0,27.61,82.0,80.85,0.0,0.0,33.0,32.54,1.06,1.05
JBOEN,21,FaZe,loan,1672.8628485618008,218.1543596068984,opponents,1.0525490809561648,82.0,86.31,5.0,5.26,26.0,27.37,78.0,82.1,77.0,81.05,94.0,98.94,61.0,64.21,1.17,1.23
jcobbb,22,FaZe,active,1672.8628485618008,218.1543596068984,opponents,1.0525490809561648,64.0,67.36,76.0,79.99,47.0,49.47,87.0,91.57,49.0,51.57,0.0,0.0,33.0,34.73,1.12,1.18
JDC,26,BIG,active,1720.390411399902,134.5447652002388,opponents,0.9898418851511702,68.0,67.31,77.0,76.22,27.0,26.73,76.0,75.23,27.0,26.73,0.0,0.0,54.0,53.45,1.08,1.07
Jee,21,TYLOO,active,1643.7006824791729,131.1506221981803,opponents,0.9872962778996263,52.0,51.34,33.0,32.58,66.0,65.16,25.0,24.68,79.0,78.0,91.0,89.84,64.0,63.19,1.06,1.05
Jeorge,23,NRG,active,1655.499688433168,110.35983331747302,opponents,0.9717031862390959,64.0,62.19,69.0,67.05,85.0,82.59,49.0,47.61,67.0,65.1,1.0,0.97,61.0,59.27,1.13,1.1
Jimpphat,19,Aurora,active,1716.313069613408,224.3863784355008,opponents,1.0572230950776167,92.0,97.26,23.0,24.32,77.0,81.41,47.0,49.69,42.0,44.4,1.0,1.06,24.0,25.37,1.22,1.29
jkaem,32,BC.Game,benched,1547.8573057379494,158.53701519680774,opponents,1.0078360726485969,,,,,,,,,,,,,,,,
jks,30,FlyQuest,active,1627.4272801353404,77.89870676041255,opponents,0.9473573413213006,94.0,89.05,38.0,36.0,50.0,47.37,69.0,65.37,81.0,76.74,1.0,0.95,75.0,71.05,1.23,1.17
jL,26,,active,,148.08891833201187,none,1.0,57.0,57.0,24.0,24.0,72.0,72.0,27.0,27.0,51.0,51.0,9.0,9.0,56.0,56.0,1.05,1.05
jocab,21,FOKUS,active,1599.0116516728226,147.5288877961726,opponents,0.9995799770981205,77.0,76.97,37.0,36.98,74.0,73.97,59.0,58.98,73.0,72.97,0.0,0.0,30.0,29.99,1.13,1.13
Jorko,17,Liquid,active,1609.9052479419158,191.8279223835957,opponents,1.0328042530386878,70.0,72.3,16.0,16.52,56.0,57.84,69.0,71.26,83.0,85.72,92.0,95.02,58.0,59.9,1.09,1.13
jottAAA,24,Eternal Fire,loan,1609.0502361493418,94.77649241851424,opponents,0.9600156805648767,96.0,92.16,12.0,11.52,60.0,57.6,71.0,68.16,30.0,28.8,0.0,0.0,42.0,40.32,1.21,1.16
JT,27,Liquid,active,1609.9052479419158,191.8279223835957,opponents,1.0328042530386878,34.0,35.12,58.0,59.9,39.0,40.28,64.0,66.1,41.0,42.34,0.0,0.0,62.0,64.03,1.0,1.03
junior,25,Voca,active,1677.7169572327784,63.77028859063407,opponents,0.9367610276939666,68.0,63.7,16.0,14.99,30.0,28.1,90.0,84.31,78.0,73.07,92.0,86.18,56.0,52.46,1.08,1.01
JW,31,EYEBALLERS,active,1636.1883669237743,151.22891003271707,opponents,1.002354993775529,35.0,35.08,20.0,20.05,13.0,13.03,53.0,53.12,61.0,61.14,88.0,88.21,79.0,79.19,0.96,0.96
k1to,27,Nordic Partners,active,1470.6503981911385,-32.42410070084975,opponents,0.8646152357253538,40.0,34.58,55.0,47.55,37.0,31.99,80.0,69.17,46.0,39.77,0.0,0.0,70.0,60.52,0.97,0.84
kade0,26,HOTU,active,1675.4792671501789,125.37284544701232,opponents,0.9829629453362504,27.0,26.54,40.0,39.32,42.0,41.28,30.0,29.49,28.0,27.52,0.0,0.0,57.0,56.03,0.97,0.95
KaiR0N-,22,Nemiga,active,1672.7382249697453,125.1847399456099,opponents,0.9828218662101985,70.0,68.8,44.0,43.24,57.0,56.02,50.0,49.14,71.0,69.78,0.0,0.0,24.0,23.59,1.04,1.02
kAlash,22,,active,,148.08891833201187,none,1.0,51.0,51.0,27.0,27.0,25.0,25.0,34.0,34.0,61.0,61.0,4.0,4.0,22.0,22.0,1.02,1.02
karrigan,36,Falcons,active,1829.270927997146,232.30372025861246,opponents,1.0631611014449505,2.0,2.13,88.0,93.56,9.0,9.57,34.0,36.15,20.0,21.26,1.0,1.06,84.0,89.31,0.74,0.79
kauez,23,RED Canids,benched) (loan,1576.4775698951555,89.59631396585226,opponents,0.9561305467253803,,,,,,,,,,,,,,,,
kaze,32,,active,,148.08891833201187,none,1.0,,,,,,,,,,,,,,,,
KEi,25,Phantom,active,1610.7381219004374,95.33148967116006,opponents,0.9604319285043611,70.0,67.23,62.0,59.55,75.0,72.03,38.0,36.5,44.0,42.26,0.0,0.0,38.0,36.5,1.07,1.03
KENSI,24,Lavked,active,1506.5999286124163,72.38736486699926,opponents,0.9432238349012405,20.0,18.86,51.0,48.1,58.0,54.71,28.0,26.41,45.0,42.45,1.0,0.94,49.0,46.22,0.91,0.86
kensizor,20,B8,active,1654.3543639529853,194.24191907572856,opponents,1.0346147505577876,64.0,66.22,73.0,75.53,74.0,76.56,46.0,47.59,54.0,55.87,0.0,0.0,47.0,48.63,1.03,1.07
khaN,22,Nemiga,active,1672.7382249697453,125.1847399456099,opponents,0.9828218662101985,73.0,71.75,28.0,27.52,76.0,74.69,64.0,62.9,85.0,83.54,91.0,89.44,60.0,58.97,1.1,1.08
kisserek,23,SINNERS,active,1581.1070934884442,139.00997953706243,opponents,0.9931907959037879,56.0,55.62,39.0,38.73,16.0,15.89,64.0,63.56,29.0,28.8,0.0,0.0,61.0,60.58,1.03,1.02
kl1m,20,G2 Ares,benched,1507.815709476853,69.58834794419296,opponents,0.9411245722091358,71.0,66.82,23.0,21.65,93.0,87.52,20.0,18.82,68.0,64.0,59.0,55.53,44.0,41.41,1.08,1.02
koala,21,DENDELE,active,1528.8684631324911,207.45893677035573,opponents,1.044527513828758,63.0,65.81,12.0,12.53,34.0,35.51,49.0,51.18,70.0,73.12,1.0,1.04,49.0,51.18,1.11,1.16
Krabeni,21,FUT,active,1770.2163931403547,207.1888287999037,opponents,1.0443249328509188,64.0,66.84,27.0,28.2,14.0,14.62,79.0,82.5,34.0,35.51,0.0,0.0,76.0,79.37,1.0,1.04
kraghen,24,9INE,active,1533.233078383505,145.2878025711196,opponents,0.9978991631793308,57.0,56.88,75.0,74.84,16.0,15.97,78.0,77.84,35.0,34.93,0.0,0.0,53.0,52.89,1.08,1.08
kRaSnaL,23,ENCE,benched,1554.0370400470058,146.14984728066304,opponents,0.9985456967114884,,,,,,,,,,,,,,,,
krazy,22,SAW,active,1478.9719330248672,137.24889842301516,opponents,0.9918699850682524,52.0,51.58,25.0,24.8,62.0,61.5,19.0,18.85,22.0,21.82,0.0,0.0,31.0,30.75,1.05,1.04
Krimbo,23,BIG,benched,1720.390411399902,134.5447652002388,opponents,0.9898418851511702,,,,,,,,,,,,,,,,
KRIMZ,32,EYEBALLERS,active,1636.1883669237743,151.22891003271707,opponents,1.002354993775529,62.0,62.15,30.0,30.07,42.0,42.1,30.0,30.07,38.0,38.09,1.0,1.0,66.0,66.16,1.11,1.11
Kristou,24,,active,,148.08891833201187,none,1.0,,,,,,,,,,,,,,,,
KSCERATO,26,FURIA,active,1766.3325304701589,215.18010199942617,opponents,1.0503183877505606,76.0,79.82,22.0,23.11,72.0,75.62,29.0,30.46,73.0,76.67,1.0,1.05,79.0,82.98,1.17,1.23
ksloks,21,,active,,148.08891833201187,none,1.0,,,,,,,,,,,,,,,,
Kursy,25,3DMAX,active,1537.592937485416,199.22131896127564,opponents,1.0383493004719477,54.0,56.07,57.0,59.19,66.0,68.53,66.0,68.53,30.0,31.15,0.0,0.0,45.0,46.73,1.01,1.05
Kvem,24,Eternal Fire,active,1609.0502361493418,94.77649241851424,opponents,0.9600156805648767,96.0,92.16,82.0,78.72,31.0,29.76,93.0,89.28,23.0,22.08,5.0,4.8,48.0,46.08,1.23,1.18
kwezz,26,STATE,active,1538.3767132761184,103.48393571826286,opponents,0.9665462630396883,77.0,74.42,84.0,81.19,44.0,42.53,85.0,82.16,39.0,37.7,2.0,1.93,78.0,75.39,1.12,1.08
Kylar,26,Phantom,active,1610.7381219004374,95.33148967116006,opponents,0.9604319285043611,62.0,59.55,50.0,48.02,75.0,72.03,31.0,29.77,74.0,71.07,0.0,0.0,66.0,63.39,1.12,1.08
kyousuke,18,Falcons,active,1829.270927997146,232.30372025861246,opponents,1.0631611014449505,89.0,94.62,78.0,82.93,70.0,74.42,80.0,85.05,32.0,34.02,0.0,0.0,30.0,31.89,1.19,1.27
kyuubii,21,,active,,148.08891833201187,none,1.0,14.0,14.0,58.0,58.0,43.0,43.0,18.0,18.0,54.0,54.0,1.0,1.0,50.0,50.0,0.89,0.89
kyxsan,26,Aurora,active,1716.313069613408,224.3863784355008,opponents,1.0572230950776167,24.0,25.37,91.0,96.21,11.0,11.63,51.0,53.92,29.0,30.66,0.0,0.0,63.0,66.61,1.01,1.07
L1haNg,22,Rare Atom,active,1444.151786146121,48.92584238142623,opponents,0.9256276930370608,,,,,,,,,,,,,,,,
Lack1,26,FORZE Reload,active,1466.0789944151568,64.16330317387343,opponents,0.9370557886313962,70.0,65.59,30.0,28.11,25.0,23.43,52.0,48.73,34.0,31.86,1.0,0.94,30.0,28.11,1.02,0.96
Lake,21,M80,active,1646.6994107512587,129.44969330251243,opponents,0.9860205812278754,72.0,70.99,86.0,84.8,77.0,75.92,78.0,76.91,31.0,30.57,0.0,0.0,60.0,59.16,1.12,1.1
lampada,22,HOTU,benched,1675.4792671501789,125.37284544701232,opponents,0.9829629453362504,,,,,,,,,,,,,,,,
latto,23,Legacy,active,1742.4888102009531,180.1318312515216,opponents,1.0240321846896323,91.0,93.19,24.0,24.58,65.0,66.56,44.0,45.06,72.0,73.73,1.0,1.02,77.0,78.85,1.19,1.22
lauNX,21,FUT,benched,1770.2163931403547,207.1888287999037,opponents,1.0443249328509188,38.0,39.68,97.0,101.3,88.0,91.9,40.0,41.77,29.0,30.29,1.0,1.04,38.0,39.68,1.0,1.04
levi,21,Imperial,benched,1715.4338789766566,67.58140952791243,opponents,0.9396193683969254,69.0,64.83,74.0,69.53,14.0,13.15,24.0,22.55,22.0,20.67,94.0,88.32,40.0,37.58,1.06,1.0
Liazz,28,THUNDER dOWNUNDER,active,1675.9405396918091,-245.09234478389627,opponents,0.7051140526630689,67.0,47.24,19.0,13.4,62.0,43.72,12.0,8.46,42.0,29.61,1.0,0.71,70.0,49.36,1.11,0.78
LNZ,23,MIBR,active,1692.38028485306,128.7161332822741,opponents,0.9854704112126966,30.0,29.56,59.0,58.14,49.0,48.29,38.0,37.45,83.0,81.79,1.0,0.99,91.0,89.68,1.02,1.01
Lucaozy,24,Fluxo,benched,1602.8519242428213,78.44931192116412,opponents,0.9477702951918642,75.0,71.08,69.0,65.4,49.0,46.44,84.0,79.61,31.0,29.38,2.0,1.9,19.0,18.01,1.12,1.06
luchov,25,9z,active,1747.3062900514851,122.32603898590348,opponents,0.9806778404904187,82.0,80.42,60.0,58.84,67.0,65.71,78.0,76.49,42.0,41.19,0.0,0.0,56.0,54.92,1.12,1.1
Lucky,28,3DMAX,active,1537.592937485416,199.22131896127564,opponents,1.0383493004719477,51.0,52.96,32.0,33.23,77.0,79.95,30.0,31.15,58.0,60.22,2.0,2.08,74.0,76.84,1.0,1.04
Lucky,23,Washed,active,1488.3120672520392,148.08891833201187,none,1.0,85.0,85.0,33.0,33.0,83.0,83.0,50.0,50.0,48.0,48.0,41.0,41.0,46.0,46.0,1.22,1.22
Luken,29,,active,,148.08891833201187,none,1.0,65.0,65.0,22.0,22.0,79.0,79.0,9.0,9.0,97.0,97.0,16.0,16.0,38.0,38.0,1.0,1.0
lux,24,Luminosity,active,1438.8333102247122,69.79484846371072,opponents,0.9412794475987741,52.0,48.95,70.0,65.89,66.0,62.12,49.0,46.12,11.0,10.35,0.0,0.0,85.0,80.01,1.04,0.98
m0NESY,21,Falcons,active,1829.270927997146,232.30372025861246,opponents,1.0631611014449505,91.0,96.75,28.0,29.77,54.0,57.41,77.0,81.86,56.0,59.54,94.0,99.94,57.0,60.6,1.25,1.33
Maden,27,,active,,148.08891833201187,none,1.0,79.0,79.0,18.0,18.0,28.0,28.0,75.0,75.0,28.0,28.0,1.0,1.0,73.0,73.0,1.05,1.05
Magisk,28,BC.Game,active,1547.8573057379494,158.53701519680774,opponents,1.0078360726485969,53.0,53.42,78.0,78.61,64.0,64.5,48.0,48.38,22.0,22.17,0.0,0.0,75.0,75.59,1.07,1.08
magixx,23,Spirit,active,1878.12070818945,237.49341462471634,opponents,1.0670533722195283,21.0,22.41,70.0,74.69,12.0,12.8,29.0,30.94,53.0,56.55,0.0,0.0,93.0,99.24,0.97,1.04
Magnojez,21,BetBoom,active,1721.2632332777318,178.33035050143243,opponents,1.0226810741270653,93.0,95.11,64.0,65.45,17.0,17.39,86.0,87.95,54.0,55.22,4.0,4.09,77.0,78.75,1.23,1.26
MaiL09,17,Metizport,active,1604.9736307652106,105.82173753107587,opponents,0.968299614399298,75.0,72.62,77.0,74.56,77.0,74.56,50.0,48.41,63.0,61.0,1.0,0.97,61.0,59.07,1.09,1.06
MAJ3R,35,Aurora,benched,1716.313069613408,224.3863784355008,opponents,1.0572230950776167,20.0,21.14,41.0,43.35,13.0,13.74,21.0,22.2,37.0,39.12,1.0,1.06,81.0,85.64,0.99,1.05
Maka,29,3DMAX,active,1537.592937485416,199.22131896127564,opponents,1.0383493004719477,40.0,41.53,44.0,45.69,20.0,20.77,53.0,55.03,65.0,67.49,78.0,80.99,90.0,93.45,1.02,1.06
makazze,19,Natus Vincere,active,1746.5534570330556,238.52211020400316,opponents,1.0678248939039934,60.0,64.07,81.0,86.49,11.0,11.75,85.0,90.77,43.0,45.92,0.0,0.0,68.0,72.61,1.03,1.1
malbsMd,23,Liquid,active,1609.9052479419158,191.8279223835957,opponents,1.0328042530386878,53.0,54.74,85.0,87.79,37.0,38.21,72.0,74.36,34.0,35.12,0.0,0.0,35.0,36.15,1.07,1.11
MartinezSa,25,HEROIC,active,1624.395013635111,200.56227012302958,opponents,1.0393550138432632,80.0,83.15,20.0,20.79,42.0,43.65,68.0,70.68,85.0,88.35,93.0,96.66,54.0,56.13,1.17,1.22
MaSvAl,23,magic,active,1699.6806369624917,179.70356925904755,opponents,1.0237109881952768,69.0,70.64,63.0,64.49,36.0,36.85,21.0,21.5,57.0,58.35,0.0,0.0,84.0,85.99,1.18,1.21
Matheos,23,FOKUS,active,1599.0116516728226,147.5288877961726,opponents,0.9995799770981205,73.0,72.97,57.0,56.98,34.0,33.99,69.0,68.97,43.0,42.98,1.0,1.0,43.0,42.98,1.04,1.04
matios,24,Keyd Stars,active,1581.4541876570106,32.68936202965031,opponents,0.9134503327732288,62.0,56.63,29.0,26.49,27.0,24.66,73.0,66.68,43.0,39.28,1.0,0.91,60.0,54.81,1.06,0.97
MATYS,24,G2,active,1730.170410648389,223.28120437026644,opponents,1.0563942145286909,34.0,35.92,57.0,60.21,46.0,48.59,51.0,53.88,35.0,36.97,0.0,0.0,38.0,40.14,1.01,1.07
max,27,9z,active,1747.3062900514851,122.32603898590348,opponents,0.9806778404904187,8.0,7.85,72.0,70.61,39.0,38.25,15.0,14.71,47.0,46.09,0.0,0.0,80.0,78.45,0.9,0.88
maxster,22,EYEBALLERS,active,1636.1883669237743,151.22891003271707,opponents,1.002354993775529,70.0,70.16,30.0,30.07,58.0,58.14,24.0,24.06,55.0,55.13,0.0,0.0,55.0,55.13,1.17,1.17
maxxkor,23,DENDELE,active,1528.8684631324911,207.45893677035573,opponents,1.044527513828758,32.0,33.42,15.0,15.67,68.0,71.03,34.0,35.51,63.0,65.81,91.0,95.05,73.0,76.25,0.97,1.01
Mercury,25,TYLOO,active,1643.7006824791729,131.1506221981803,opponents,0.9872962778996263,37.0,36.53,69.0,68.12,36.0,35.54,62.0,61.21,49.0,48.38,0.0,0.0,72.0,71.09,1.01,1.0
meyern,23,9z,active,1747.3062900514851,122.32603898590348,opponents,0.9806778404904187,18.0,17.65,35.0,34.32,53.0,51.98,33.0,32.36,58.0,56.88,92.0,90.22,57.0,55.9,0.96,0.94
mezii,27,Vitality,active,1827.7258930761996,237.88823539413758,opponents,1.0673494877965943,10.0,10.67,31.0,33.09,46.0,49.1,12.0,12.81,52.0,55.5,0.0,0.0,62.0,66.18,0.91,0.97
mir,30,Virtus.pro,active,1630.324794914099,183.48691185957026,opponents,1.0265484951456687,66.0,67.75,80.0,82.12,69.0,70.83,26.0,26.69,54.0,55.43,0.0,0.0,91.0,93.42,1.08,1.11
MisteM,24,Eternal Fire,active,1609.0502361493418,94.77649241851424,opponents,0.9600156805648767,33.0,31.68,64.0,61.44,35.0,33.6,20.0,19.2,64.0,61.44,0.0,0.0,70.0,67.2,0.98,0.94
MistR,22,Sashi,active,1653.9970178115238,122.90820531273323,opponents,0.981114465235541,51.0,50.04,97.0,95.17,85.0,83.39,45.0,44.15,51.0,50.04,0.0,0.0,70.0,68.68,1.07,1.05
misutaaa,23,3DMAX,active,1537.592937485416,199.22131896127564,opponents,1.0383493004719477,45.0,46.73,73.0,75.8,64.0,66.45,25.0,25.96,66.0,68.53,0.0,0.0,39.0,40.5,0.99,1.03
mizu,22,HOTU,active,1675.4792671501789,125.37284544701232,opponents,0.9829629453362504,86.0,84.53,45.0,44.23,34.0,33.42,76.0,74.71,52.0,51.11,0.0,0.0,51.0,50.13,1.2,1.18
mo0N,21,magic,active,1699.6806369624917,179.70356925904755,opponents,1.0237109881952768,59.0,60.4,4.0,4.09,33.0,33.78,39.0,39.92,93.0,95.21,92.0,94.18,79.0,80.87,1.05,1.07
MoDo,23,SINNERS,active,1581.1070934884442,139.00997953706243,opponents,0.9931907959037879,58.0,57.61,16.0,15.89,30.0,29.8,73.0,72.5,65.0,64.56,94.0,93.36,57.0,56.61,1.09,1.08
molodoy,21,FURIA,active,1766.3325304701589,215.18010199942617,opponents,1.0503183877505606,86.0,90.33,12.0,12.6,51.0,53.57,87.0,91.38,51.0,53.57,93.0,97.68,46.0,48.31,1.14,1.2
mopoz,30,Iberian Soul,active,1656.8159545618244,150.1694030258604,opponents,1.0015603635203865,62.0,62.1,57.0,57.09,27.0,27.04,58.0,58.09,47.0,47.07,0.0,0.0,65.0,65.1,1.11,1.11
Moseyuh,21,TYLOO,active,1643.7006824791729,131.1506221981803,opponents,0.9872962778996263,31.0,30.61,61.0,60.23,56.0,55.29,60.0,59.24,29.0,28.63,0.0,0.0,27.0,26.66,1.0,0.99
MUTiRiS,33,SAW,active,1478.9719330248672,137.24889842301516,opponents,0.9918699850682524,36.0,35.71,46.0,45.63,33.0,32.73,74.0,73.4,42.0,41.66,0.0,0.0,94.0,93.24,1.09,1.08
myltsi,21,Nordic Partners,active,1470.6503981911385,-32.42410070084975,opponents,0.8646152357253538,48.0,41.5,62.0,53.61,53.0,45.82,65.0,56.2,53.0,45.82,0.0,0.0,52.0,44.96,1.01,0.87
mzinho,19,BC.Game,active,1547.8573057379494,158.53701519680774,opponents,1.0078360726485969,41.0,41.32,48.0,48.38,52.0,52.41,44.0,44.34,28.0,28.22,0.0,0.0,49.0,49.38,1.04,1.05
n0rb3r7,25,HOTU,active,1675.4792671501789,125.37284544701232,opponents,0.9829629453362504,76.0,74.71,38.0,37.35,15.0,14.74,54.0,53.08,41.0,40.3,0.0,0.0,39.0,38.34,1.12,1.1
n0te,20,Ninjas in Pyjamas,active,1614.9520073818546,182.85763615569843,opponents,1.026076538367765,84.0,86.19,15.0,15.39,32.0,32.83,72.0,73.88,53.0,54.38,0.0,0.0,13.0,13.34,1.1,1.13
n1ssim,25,Legacy,active,1742.4888102009531,180.1318312515216,opponents,1.0240321846896323,15.0,15.36,21.0,21.5,32.0,32.77,11.0,11.26,39.0,39.94,0.0,0.0,42.0,43.01,0.96,0.98
NAF,28,Liquid,active,1609.9052479419158,191.8279223835957,opponents,1.0328042530386878,58.0,59.9,14.0,14.46,58.0,59.9,25.0,25.82,84.0,86.76,6.0,6.2,48.0,49.57,1.11,1.15
nafany,25,1win,active,1665.360095754858,116.44036785996246,opponents,0.976263587145963,50.0,48.81,62.0,60.53,17.0,16.6,83.0,81.03,26.0,25.38,0.0,0.0,74.0,72.24,1.01,0.99
naitte,28,,active,,148.08891833201187,none,1.0,82.0,82.0,91.0,91.0,27.0,27.0,98.0,98.0,1.0,1.0,7.0,7.0,65.0,65.0,1.06,1.06
nawwk,28,Johnny Speeds,benched,1557.6418760287606,130.38694907609352,opponents,0.9867235230580612,77.0,75.98,22.0,21.71,77.0,75.98,35.0,34.54,96.0,94.73,91.0,89.79,58.0,57.23,1.14,1.12
naz,26,ShindeN,active,1653.6452124875063,42.01584953282443,opponents,0.9204451984006095,41.0,37.74,76.0,69.95,19.0,17.49,72.0,66.27,51.0,46.94,0.0,0.0,65.0,59.83,1.07,0.98
Neityu,21,FaZe,active,1672.8628485618008,218.1543596068984,opponents,1.0525490809561648,29.0,30.52,65.0,68.42,27.0,28.42,15.0,15.79,60.0,63.15,0.0,0.0,54.0,56.84,0.98,1.03
nEMANHA,28,Wildcard,active,1635.0497135784449,96.15998685077163,opponents,0.9610533013890699,62.0,59.59,28.0,26.91,27.0,25.95,87.0,83.61,26.0,24.99,1.0,0.96,84.0,80.73,1.08,1.04
NertZ,27,G2,active,1730.170410648389,223.28120437026644,opponents,1.0563942145286909,68.0,71.83,51.0,53.88,23.0,24.3,82.0,86.62,28.0,29.58,0.0,0.0,51.0,53.88,1.05,1.11
nettik,23,FlyQuest,active,1627.4272801353404,77.89870676041255,opponents,0.9473573413213006,69.0,65.37,95.0,90.0,76.0,72.0,55.0,52.1,24.0,22.74,0.0,0.0,76.0,72.0,1.18,1.12
nexa,29,,active,,148.08891833201187,none,1.0,76.0,76.0,84.0,84.0,54.0,54.0,20.0,20.0,26.0,26.0,0.0,0.0,78.0,78.0,1.27,1.27
nicks,21,Patins da Ferrari,active,1541.3376574376944,22.854310739036993,opponents,0.9060740443052688,78.0,70.67,23.0,20.84,76.0,68.86,33.0,29.9,40.0,36.24,0.0,0.0,61.0,55.27,1.16,1.05
nicoodoz,26,Phantom,active,1610.7381219004374,95.33148967116006,opponents,0.9604319285043611,92.0,88.36,23.0,22.09,62.0,59.55,52.0,49.94,46.0,44.18,52.0,49.94,65.0,62.43,1.18,1.13
nicx,21,Marsborne,active,1617.3558968721884,54.19594399730322,opponents,0.9295802692489685,80.0,74.37,90.0,83.66,38.0,35.32,56.0,52.06,39.0,36.25,1.0,0.93,37.0,34.39,1.19,1.11
nifee,22,,active,,148.08891833201187,none,1.0,,,,,,,,,,,,,,,,
NiKo,29,Falcons,active,1829.270927997146,232.30372025861246,opponents,1.0631611014449505,73.0,77.61,42.0,44.65,60.0,63.79,48.0,51.03,79.0,83.99,0.0,0.0,70.0,74.42,1.17,1.24
nilo,21,HEROIC,active,1624.395013635111,200.56227012302958,opponents,1.0393550138432632,85.0,88.35,50.0,51.97,77.0,80.03,36.0,37.42,57.0,59.24,0.0,0.0,29.0,30.14,1.18,1.23
nitr0,31,NRG,active,1655.499688433168,110.35983331747302,opponents,0.9717031862390959,46.0,44.7,97.0,94.26,48.0,46.64,15.0,14.58,45.0,43.73,1.0,0.97,75.0,72.88,1.06,1.03
Nivera,25,Clutchain,active,1483.576764406863,71.7840398606553,opponents,0.9427713411464825,52.0,49.02,83.0,78.25,41.0,38.65,28.0,26.4,62.0,58.45,9.0,8.48,29.0,27.34,1.03,0.97
Noktse,33,,active,,148.08891833201187,none,1.0,,,,,,,,,,,,,,,,
Norwi,25,BAKS,active,1522.7036972874355,140.99707239338673,opponents,0.9946811155460311,52.0,51.72,29.0,28.85,53.0,52.72,30.0,29.84,43.0,42.77,2.0,1.99,68.0,67.64,1.03,1.02
nota,19,PARIVISION,benched,1652.1306147179534,199.20152949095308,opponents,1.0383344583692058,37.0,38.42,46.0,47.76,63.0,65.42,42.0,43.61,28.0,29.07,1.0,1.04,57.0,59.19,0.94,0.98
noway,21,Imperial,active,1715.4338789766566,67.58140952791243,opponents,0.9396193683969254,59.0,55.44,85.0,79.87,59.0,55.44,48.0,45.1,36.0,33.83,1.0,0.94,40.0,37.58,1.1,1.03
npl,21,B8,active,1654.3543639529853,194.24191907572856,opponents,1.0346147505577876,81.0,83.8,50.0,51.73,54.0,55.87,72.0,74.49,42.0,43.45,0.0,0.0,41.0,42.42,1.11,1.15
nqz,21,MIBR,active,1692.38028485306,128.7161332822741,opponents,0.9854704112126966,56.0,55.19,23.0,22.67,74.0,72.92,40.0,39.42,95.0,93.62,91.0,89.68,55.0,54.2,1.08,1.06
NucleonZ,18,Falcons Force,active,1473.0418270287776,119.75103494857689,opponents,0.9787465874624237,49.0,47.96,16.0,15.66,30.0,29.36,80.0,78.3,70.0,68.51,1.0,0.98,40.0,39.15,1.01,0.99
nut nut,20,ECSTATIC,benched,1502.9544663612844,159.57075484119989,opponents,1.008611377381891,,,,,,,,,,,,,,,,
nyezin,22,,active,,148.08891833201187,none,1.0,80.0,80.0,30.0,30.0,46.0,46.0,74.0,74.0,36.0,36.0,1.0,1.0,66.0,66.0,1.07,1.07
nython,28,Galorys,benched,1594.758972034319,36.95075665441012,opponents,0.9166463787417987,9.0,8.25,51.0,46.75,79.0,72.42,18.0,16.5,32.0,29.33,2.0,1.83,75.0,68.75,0.89,0.82
onic,21,Inner Circle,active,1689.4048314241809,156.73563360082977,opponents,1.0064850364516134,24.0,24.16,34.0,34.22,14.0,14.09,32.0,32.21,71.0,71.46,6.0,6.04,88.0,88.57,1.01,1.02
oSee,27,NRG,benched,1655.499688433168,110.35983331747302,opponents,0.9717031862390959,7.0,6.8,11.0,10.69,84.0,81.62,39.0,37.9,56.0,54.42,87.0,84.54,58.0,56.36,0.86,0.84
oxygeN,23,,active,,148.08891833201187,none,1.0,,,,,,,,,,,,,,,,
pancc,28,UNO MILLE,active,1525.7627041074345,15.701865434020227,opponents,0.9007097103265063,70.0,63.05,45.0,40.53,45.0,40.53,76.0,68.45,35.0,31.52,0.0,0.0,49.0,44.13,1.05,0.95
Peeping,21,SportsBetExpert,active,1583.0675050915988,30.512143800138972,opponents,0.9118174191010954,90.0,82.06,80.0,72.95,23.0,20.97,89.0,81.15,36.0,32.83,2.0,1.82,65.0,59.27,1.16,1.06
Perfecto,26,,active,,148.08891833201187,none,1.0,,,,,,,,,,,,,,,,
phzy,23,Astralis,active,1659.8337378957483,220.82521894625424,opponents,1.0545522254606818,26.0,27.42,15.0,15.82,41.0,43.24,66.0,69.6,74.0,78.04,91.0,95.96,65.0,68.55,0.95,1.0
piriajr,23,paiN,active,1600.6811748667694,190.7792778930125,opponents,1.0320177696707504,46.0,47.47,10.0,10.32,27.0,27.86,57.0,58.83,66.0,68.11,7.0,7.22,18.0,18.58,1.03,1.06
podi,22,FOKUS,active,1599.0116516728226,147.5288877961726,opponents,0.9995799770981205,26.0,25.99,22.0,21.99,59.0,58.98,34.0,33.99,93.0,92.96,91.0,90.96,48.0,47.98,1.01,1.01
PR,18,MOUZ,active,1769.0768803401727,237.45680607871452,opponents,1.067025915810027,51.0,54.42,54.0,57.62,51.0,54.42,52.0,55.49,41.0,43.75,1.0,1.07,56.0,59.75,1.01,1.08
pr1metapz,25,OG,loan,1576.4992131340546,154.32561095135642,opponents,1.0046775194645083,8.0,8.04,64.0,64.3,30.0,30.14,14.0,14.07,74.0,74.35,0.0,0.0,36.0,36.17,0.94,0.94
Prism,28,Betclic,active,1600.329376921236,127.12908102166287,opponents,0.9842801220172382,66.0,64.96,66.0,64.96,25.0,24.61,73.0,71.85,27.0,26.58,0.0,0.0,74.0,72.84,1.07,1.05
prosus,23,BIG Academy,active,1546.828364547602,69.40642826809358,opponents,0.9409881324520613,91.0,85.63,77.0,72.46,28.0,26.35,86.0,80.92,39.0,36.7,2.0,1.88,57.0,53.64,1.17,1.1
Qikert,27,Color,active,1553.4601365360422,80.68571206548098,opponents,0.9494475953001018,6.0,5.7,79.0,75.01,56.0,53.17,32.0,30.38,44.0,41.78,0.0,0.0,84.0,79.75,0.89,0.85
r1nkle,21,G2,active,1730.170410648389,223.28120437026644,opponents,1.0563942145286909,27.0,28.52,9.0,9.51,15.0,15.85,49.0,51.76,35.0,36.97,92.0,97.19,67.0,70.78,0.99,1.05
raalz,31,9INE,active,1533.233078383505,145.2878025711196,opponents,0.9978991631793308,38.0,37.92,58.0,57.88,21.0,20.96,38.0,37.92,43.0,42.91,0.0,0.0,86.0,85.82,0.94,0.94
rain,31,100 Thieves,active,1682.4420724096733,170.52089604457836,opponents,1.0168239832844248,52.0,52.87,85.0,86.43,24.0,24.4,63.0,64.06,27.0,27.45,0.0,0.0,71.0,72.19,1.06,1.08
Rainwaker,25,Luminosity,active,1438.8333102247122,69.79484846371072,opponents,0.9412794475987741,39.0,36.71,19.0,17.88,11.0,10.35,47.0,44.24,36.0,33.89,0.0,0.0,28.0,26.36,0.98,0.92
rdnzao,23,DENDELE,active,1528.8684631324911,207.45893677035573,opponents,1.044527513828758,40.0,41.78,83.0,86.7,47.0,49.09,53.0,55.36,45.0,47.0,0.0,0.0,58.0,60.58,0.98,1.02
reck,22,Wildcard,active,1635.0497135784449,96.15998685077163,opponents,0.9610533013890699,32.0,30.75,63.0,60.55,73.0,70.16,14.0,13.45,56.0,53.82,0.0,0.0,79.0,75.92,1.02,0.98
regali,23,Eternal Fire,active,1609.0502361493418,94.77649241851424,opponents,0.9600156805648767,56.0,53.76,18.0,17.28,71.0,68.16,33.0,31.68,93.0,89.28,91.0,87.36,60.0,57.6,1.06,1.02
REZ,28,GamerLegion,active,1622.1465889094538,196.67209984458577,opponents,1.0364373861344305,70.0,72.55,70.0,72.55,74.0,76.7,51.0,52.86,49.0,50.79,1.0,1.04,57.0,59.08,1.06,1.1
rigoN,26,,active,,148.08891833201187,none,1.0,64.0,64.0,69.0,69.0,23.0,23.0,76.0,76.0,46.0,46.0,0.0,0.0,41.0,41.0,0.98,0.98
rikz,35,paiN,coach,1600.6811748667694,190.7792778930125,opponents,1.0320177696707504,,,,,,,,,,,,,,,,
riskyb0b,23,,active,,148.08891833201187,none,1.0,65.0,65.0,16.0,16.0,7.0,7.0,26.0,26.0,33.0,33.0,4.0,4.0,41.0,41.0,1.05,1.05
Ro1f,22,EYEBALLERS,active,1636.1883669237743,151.22891003271707,opponents,1.002354993775529,19.0,19.04,69.0,69.16,52.0,52.12,17.0,17.04,61.0,61.14,0.0,0.0,84.0,84.2,0.96,0.96
roman,37,,active,,148.08891833201187,none,1.0,,,,,,,,,,,,,,,,
ropz,26,Vitality,active,1827.7258930761996,237.88823539413758,opponents,1.0673494877965943,67.0,71.51,1.0,1.07,32.0,34.16,55.0,58.7,33.0,35.22,0.0,0.0,27.0,28.82,1.09,1.16
ruggah,37,,active,,148.08891833201187,none,1.0,,,,,,,,,,,,,,,,
ryu,22,Astralis,active,1659.8337378957483,220.82521894625424,opponents,1.0545522254606818,44.0,46.4,27.0,28.47,70.0,73.82,43.0,45.35,47.0,49.56,0.0,0.0,28.0,29.53,1.04,1.1
s-chilla,21,,active,,148.08891833201187,none,1.0,,,,,,,,,,,,,,,,
s1mple,28,BC.Game,active,1547.8573057379494,158.53701519680774,opponents,1.0078360726485969,88.0,88.69,16.0,16.13,61.0,61.48,72.0,72.56,84.0,84.66,87.0,87.68,67.0,67.53,1.23,1.24
s1n,24,M80,active,1646.6994107512587,129.44969330251243,opponents,0.9860205812278754,11.0,10.85,41.0,40.43,50.0,49.3,19.0,18.73,43.0,42.4,1.0,0.99,86.0,84.8,0.88,0.87
S1ren,24,BetBoom,active,1721.2632332777318,178.33035050143243,opponents,1.0226810741270653,9.0,9.2,98.0,100.22,94.0,96.13,37.0,37.84,15.0,15.34,0.0,0.0,38.0,38.86,0.89,0.91
s1zzi,16,B8,loan,1654.3543639529853,194.24191907572856,opponents,1.0346147505577876,59.0,61.04,28.0,28.97,28.0,28.97,73.0,75.53,57.0,58.97,94.0,97.25,47.0,48.63,1.02,1.06
saadzin,22,Imperial,active,1715.4338789766566,67.58140952791243,opponents,0.9396193683969254,57.0,53.56,19.0,17.85,44.0,41.34,67.0,62.95,77.0,72.35,93.0,87.38,67.0,62.95,1.1,1.03
saffee,31,paiN,active,1600.6811748667694,190.7792778930125,opponents,1.0320177696707504,35.0,36.12,9.0,9.29,17.0,17.54,50.0,51.6,92.0,94.95,93.0,95.98,54.0,55.73,1.0,1.03
SaMey,26,Walczaki,active,1593.4378940932431,115.42072195462055,opponents,0.9754988527169565,48.0,46.82,18.0,17.56,34.0,33.17,30.0,29.26,89.0,86.82,91.0,88.77,60.0,58.53,1.03,1.0
sausol,26,Iberian Soul,active,1656.8159545618244,150.1694030258604,opponents,1.0015603635203865,63.0,63.1,23.0,23.04,38.0,38.06,55.0,55.09,49.0,49.08,0.0,0.0,58.0,58.09,1.05,1.05
sAw,34,G2,coach,1730.170410648389,223.28120437026644,opponents,1.0563942145286909,,,,,,,,,,,,,,,,
Scr0b,22,HYPERSPIRIT,active,1550.1479010840012,73.9445799070579,opponents,0.9443917461812845,25.0,23.61,74.0,69.88,87.0,82.16,56.0,52.89,10.0,9.44,81.0,76.5,55.0,51.94,1.05,0.99
sdy,29,,active,,148.08891833201187,none,1.0,,,,,,,,,,,,,,,,
segukawa,16,B8 Academy,active,1492.5640881765933,148.08891833201187,none,1.0,82.0,82.0,8.0,8.0,74.0,74.0,22.0,22.0,72.0,72.0,90.0,90.0,64.0,64.0,1.14,1.14
SELLTER,23,Nemesis,active,1697.310431159745,111.04845684552897,opponents,0.9722196538851379,20.0,19.44,72.0,70.0,58.0,56.39,31.0,30.14,47.0,45.69,0.0,0.0,74.0,71.94,0.96,0.93
Senzu,20,BC.Game,active,1547.8573057379494,158.53701519680774,opponents,1.0078360726485969,95.0,95.74,70.0,70.55,66.0,66.52,85.0,85.67,60.0,60.47,1.0,1.01,56.0,56.44,1.32,1.33
sFade8,22,magic,active,1699.6806369624917,179.70356925904755,opponents,1.0237109881952768,35.0,35.83,37.0,37.88,13.0,13.31,84.0,85.99,17.0,17.4,0.0,0.0,76.0,77.8,0.94,0.96
sh1ro,25,Spirit,active,1878.12070818945,237.49341462471634,opponents,1.0670533722195283,83.0,88.57,40.0,42.68,71.0,75.76,51.0,54.42,85.0,90.7,94.0,100.3,64.0,68.29,1.16,1.24
SHiPZ,26,,active,,148.08891833201187,none,1.0,92.0,92.0,36.0,36.0,4.0,4.0,63.0,63.0,10.0,10.0,12.0,12.0,68.0,68.0,1.38,1.38
SHOCK,25,SINNERS,active,1581.1070934884442,139.00997953706243,opponents,0.9931907959037879,29.0,28.8,11.0,10.93,27.0,26.82,45.0,44.69,68.0,67.54,1.0,0.99,46.0,45.69,1.03,1.02
Shr,25,,active,,148.08891833201187,none,1.0,,,,,,,,,,,,,,,,
sirah,19,100 Thieves,active,1682.4420724096733,170.52089604457836,opponents,1.0168239832844248,51.0,51.86,36.0,36.61,79.0,80.33,29.0,29.49,42.0,42.71,0.0,0.0,52.0,52.87,1.01,1.03
siuhy,23,Liquid,benched,1609.9052479419158,191.8279223835957,opponents,1.0328042530386878,3.0,3.1,81.0,83.66,55.0,56.8,23.0,23.75,10.0,10.33,0.0,0.0,86.0,88.82,0.81,0.84
sjuush,27,Ninjas in Pyjamas,active,1614.9520073818546,182.85763615569843,opponents,1.026076538367765,53.0,54.38,45.0,46.17,41.0,42.07,48.0,49.25,70.0,71.83,0.0,0.0,68.0,69.77,1.03,1.06
skullz,24,Imperial,benched,1715.4338789766566,67.58140952791243,opponents,0.9396193683969254,,,,,,,,,,,,,,,,
sl3nd,21,INFINITE,active,1575.962185543918,134.2091906348876,opponents,0.9895902042271568,96.0,95.0,14.0,13.85,82.0,81.15,64.0,63.33,73.0,72.24,90.0,89.06,81.0,80.16,1.17,1.16
slaxejezzz,18,PARIVISION,active,1652.1306147179534,199.20152949095308,opponents,1.0383344583692058,79.0,82.03,68.0,70.61,73.0,75.8,48.0,49.84,71.0,73.72,2.0,2.08,59.0,61.26,1.14,1.18
slaxz-,27,M80,active,1646.6994107512587,129.44969330251243,opponents,0.9860205812278754,72.0,70.99,21.0,20.71,43.0,42.4,76.0,74.94,44.0,43.38,93.0,91.7,68.0,67.05,1.11,1.09
Snappi,36,Ninjas in Pyjamas,active,1614.9520073818546,182.85763615569843,opponents,1.026076538367765,11.0,11.29,58.0,59.51,11.0,11.29,29.0,29.76,44.0,45.15,1.0,1.03,86.0,88.24,0.87,0.89
Snax,33,GamerLegion,active,1622.1465889094538,196.67209984458577,opponents,1.0364373861344305,30.0,31.09,33.0,34.2,21.0,21.77,61.0,63.22,75.0,77.73,2.0,2.07,79.0,81.88,0.91,0.94
snow,19,paiN,active,1600.6811748667694,190.7792778930125,opponents,1.0320177696707504,67.0,69.15,26.0,26.83,49.0,50.57,60.0,61.92,40.0,41.28,0.0,0.0,59.0,60.89,1.06,1.09
somebody,31,,active,,148.08891833201187,none,1.0,,,,,,,,,,,,,,,,
Sonic,27,NRG,active,1655.499688433168,110.35983331747302,opponents,0.9717031862390959,93.0,90.37,70.0,68.02,66.0,64.13,92.0,89.4,39.0,37.9,0.0,0.0,80.0,77.74,1.23,1.2
soulfly,22,Aurora,benched,1716.313069613408,224.3863784355008,opponents,1.0572230950776167,42.0,44.4,42.0,44.4,28.0,29.6,36.0,38.06,60.0,63.43,0.0,0.0,22.0,23.26,1.05,1.11
sowalio,22,Nemiga,benched,1672.7382249697453,125.1847399456099,opponents,0.9828218662101985,39.0,38.33,48.0,47.18,39.0,38.33,67.0,65.85,65.0,63.88,0.0,0.0,56.0,55.04,1.03,1.01
SPELLAN,28,Acend,active,1615.2798185542142,92.13332686060102,opponents,0.9580333063964419,18.0,17.24,42.0,40.24,9.0,8.62,71.0,68.02,33.0,31.62,2.0,1.92,85.0,81.43,0.89,0.85
Spinx,25,MOUZ,active,1769.0768803401727,237.45680607871452,opponents,1.067025915810027,59.0,62.95,59.0,62.95,36.0,38.41,70.0,74.69,40.0,42.68,0.0,0.0,32.0,34.14,1.09,1.16
spooke,25,OG,active,1576.4992131340546,154.32561095135642,opponents,1.0046775194645083,78.0,78.36,45.0,45.21,59.0,59.28,60.0,60.28,45.0,45.21,2.0,2.01,72.0,72.34,1.1,1.11
Staehr,22,Astralis,active,1659.8337378957483,220.82521894625424,opponents,1.0545522254606818,84.0,88.58,66.0,69.6,59.0,62.22,83.0,87.53,65.0,68.55,0.0,0.0,75.0,79.09,1.18,1.24
stanislaw,32,Metizport,active,1604.9736307652106,105.82173753107587,opponents,0.968299614399298,9.0,8.71,76.0,73.59,19.0,18.4,15.0,14.52,30.0,29.05,0.0,0.0,80.0,77.46,0.91,0.88
Starry,21,Lynn Vision,active,1653.8232371098454,132.89874424948118,opponents,0.988607369438102,69.0,68.21,45.0,44.49,85.0,84.03,47.0,46.46,56.0,55.36,3.0,2.97,65.0,64.26,1.08,1.07
stavn,24,Ninjas in Pyjamas,active,1614.9520073818546,182.85763615569843,opponents,1.026076538367765,79.0,81.06,11.0,11.29,59.0,60.54,55.0,56.43,81.0,83.11,90.0,92.35,74.0,75.93,1.12,1.15
Stewie2K,28,,active,,148.08891833201187,none,1.0,,,,,,,,,,,,,,,,
story,24,SAW,active,1478.9719330248672,137.24889842301516,opponents,0.9918699850682524,45.0,44.63,17.0,16.86,24.0,23.8,76.0,75.38,55.0,54.55,92.0,91.25,65.0,64.47,0.98,0.97
stressarN,23,SINNERS,active,1581.1070934884442,139.00997953706243,opponents,0.9931907959037879,52.0,51.65,24.0,23.84,77.0,76.48,23.0,22.84,29.0,28.8,0.0,0.0,44.0,43.7,1.01,1.0
Summer,29,Rare Atom,active,1444.151786146121,48.92584238142623,opponents,0.9256276930370608,,,,,,,,,,,,,,,,
SunPayus,27,G2,benched,1730.170410648389,223.28120437026644,opponents,1.0563942145286909,36.0,38.03,38.0,40.14,47.0,49.65,57.0,60.21,65.0,68.67,93.0,98.24,65.0,68.67,1.01,1.07
susp,21,HEROIC,active,1624.395013635111,200.56227012302958,opponents,1.0393550138432632,26.0,27.02,73.0,75.87,37.0,38.46,61.0,63.4,63.0,65.48,0.0,0.0,32.0,33.26,0.98,1.02
Swisher,27,M80,active,1646.6994107512587,129.44969330251243,opponents,0.9860205812278754,44.0,43.38,91.0,89.73,49.0,48.32,62.0,61.13,53.0,52.26,0.0,0.0,84.0,82.83,1.03,1.02
syrsoN,30,,active,,148.08891833201187,none,1.0,,,,,,,,,,,,,,,,
tabseN,31,BIG,active,1720.390411399902,134.5447652002388,opponents,0.9898418851511702,35.0,34.64,80.0,79.19,23.0,22.77,52.0,51.47,44.0,43.55,0.0,0.0,84.0,83.15,1.03,1.02
tAk,21,G2 Ares,active,1507.815709476853,69.58834794419296,opponents,0.9411245722091358,88.0,82.82,36.0,33.88,85.0,80.0,64.0,60.23,41.0,38.59,0.0,0.0,46.0,43.29,1.15,1.08
Tauson,21,GamerLegion,active,1622.1465889094538,196.67209984458577,opponents,1.0364373861344305,51.0,52.86,48.0,49.75,35.0,36.28,33.0,34.2,49.0,50.79,0.0,0.0,43.0,44.57,1.0,1.04
Techno,21,The MongolZ,active,1681.0336048052138,244.8022143459738,opponents,1.0725349720104715,11.0,11.8,50.0,53.63,25.0,26.81,22.0,23.6,30.0,32.18,0.0,0.0,58.0,62.21,0.89,0.95
tenzy,21,magic,active,1699.6806369624917,179.70356925904755,opponents,1.0237109881952768,88.0,90.09,83.0,84.97,42.0,43.0,75.0,76.78,35.0,35.83,0.0,0.0,57.0,58.35,1.17,1.2
TeSeS,25,Falcons,active,1829.270927997146,232.30372025861246,opponents,1.0631611014449505,30.0,31.89,42.0,44.65,79.0,83.99,20.0,21.26,56.0,59.54,0.0,0.0,51.0,54.22,1.03,1.1
tikuak,17,The MongolZ,active,1681.0336048052138,244.8022143459738,opponents,1.0725349720104715,22.0,23.6,74.0,79.37,48.0,51.48,26.0,27.89,68.0,72.93,1.0,1.07,30.0,32.18,1.0,1.07
TMB,24,Phantom,active,1610.7381219004374,95.33148967116006,opponents,0.9604319285043611,46.0,44.18,86.0,82.6,14.0,13.45,72.0,69.15,58.0,55.71,1.0,0.96,84.0,80.68,1.03,0.99
tN1R,25,Spirit,active,1878.12070818945,237.49341462471634,opponents,1.0670533722195283,34.0,36.28,48.0,51.22,30.0,32.01,32.0,34.15,29.0,30.94,0.0,0.0,54.0,57.62,0.99,1.06
tO0RO,18,Virtus.pro,active,1630.324794914099,183.48691185957026,opponents,1.0265484951456687,40.0,41.06,43.0,44.14,67.0,68.78,31.0,31.82,57.0,58.51,0.0,0.0,35.0,35.93,1.04,1.07
tomaszin,22,BESTIA,active,1669.824377197418,84.66659495351098,opponents,0.9524332574661243,85.0,80.96,61.0,58.1,58.0,55.24,79.0,75.24,60.0,57.15,1.0,0.95,56.0,53.34,1.13,1.08
Topa,26,,active,,148.08891833201187,none,1.0,,,,,,,,,,,,,,,,
torzsi,24,MOUZ,active,1769.0768803401727,237.45680607871452,opponents,1.067025915810027,72.0,76.83,24.0,25.61,50.0,53.35,47.0,50.15,78.0,83.23,93.0,99.23,62.0,66.16,1.16,1.24
TRAVIS,28,,active,,148.08891833201187,none,1.0,46.0,46.0,27.0,27.0,47.0,47.0,34.0,34.0,39.0,39.0,0.0,0.0,63.0,63.0,1.05,1.05
try,21,Legacy,active,1742.4888102009531,180.1318312515216,opponents,1.0240321846896323,78.0,79.87,81.0,82.95,58.0,59.39,91.0,93.19,76.0,77.83,90.0,92.16,54.0,55.3,1.17,1.2
twist,31,Alliance,active,1715.8864991153564,136.39164380726157,opponents,0.9912270441064372,41.0,40.64,64.0,63.44,46.0,45.6,35.0,34.69,68.0,67.4,1.0,0.99,91.0,90.2,1.05,1.04
Twistzz,26,FaZe,active,1672.8628485618008,218.1543596068984,opponents,1.0525490809561648,73.0,76.84,58.0,61.05,49.0,51.57,64.0,67.36,44.0,46.31,1.0,1.05,73.0,76.84,1.2,1.26
upE,22,Alliance,active,1715.8864991153564,136.39164380726157,opponents,0.9912270441064372,27.0,26.76,65.0,64.43,21.0,20.82,33.0,32.71,55.0,54.52,0.0,0.0,62.0,61.46,1.02,1.01
venomzera,22,MIBR,active,1692.38028485306,128.7161332822741,opponents,0.9854704112126966,60.0,59.13,96.0,94.61,64.0,63.07,57.0,56.17,76.0,74.9,0.0,0.0,24.0,23.65,1.1,1.08
Vexite,21,FlyQuest,active,1627.4272801353404,77.89870676041255,opponents,0.9473573413213006,98.0,92.84,59.0,55.89,36.0,34.1,80.0,75.79,67.0,63.47,0.0,0.0,72.0,68.21,1.32,1.25
VINI,27,Imperial,active,1715.4338789766566,67.58140952791243,opponents,0.9396193683969254,49.0,46.04,65.0,61.08,45.0,42.28,45.0,42.28,41.0,38.52,1.0,0.94,93.0,87.38,1.07,1.01
volt,24,INFINITE,active,1575.962185543918,134.2091906348876,opponents,0.9895902042271568,20.0,19.79,94.0,93.02,55.0,54.43,31.0,30.68,57.0,56.41,0.0,0.0,38.0,37.6,0.97,0.96
vsm,27,paiN,active,1600.6811748667694,190.7792778930125,opponents,1.0320177696707504,56.0,57.79,45.0,46.44,19.0,19.61,49.0,50.57,37.0,38.18,0.0,0.0,50.0,51.6,1.05,1.08
w0nderful,21,Natus Vincere,active,1746.5534570330556,238.52211020400316,opponents,1.0678248939039934,59.0,63.0,64.0,68.34,89.0,95.04,77.0,82.22,95.0,101.44,93.0,99.31,56.0,59.8,1.04,1.11
Westmelon,25,Lynn Vision,active,1653.8232371098454,132.89874424948118,opponents,0.988607369438102,37.0,36.58,81.0,80.08,39.0,38.56,57.0,56.35,27.0,26.69,0.0,0.0,78.0,77.11,0.96,0.95
Wicadia,21,Aurora,active,1716.313069613408,224.3863784355008,opponents,1.0572230950776167,83.0,87.75,54.0,57.09,36.0,38.06,54.0,57.09,46.0,48.63,1.0,1.06,25.0,26.43,1.14,1.21
WOOD7,31,,active,,148.08891833201187,none,1.0,,,,,,,,,,,,,,,,
woxic,27,Aurora,active,1716.313069613408,224.3863784355008,opponents,1.0572230950776167,63.0,66.61,45.0,47.58,43.0,45.46,69.0,72.95,71.0,75.06,94.0,99.38,51.0,53.92,1.09,1.15
Xant3r,22,Nemiga,active,1672.7382249697453,125.1847399456099,opponents,0.9828218662101985,47.0,46.19,62.0,60.93,67.0,65.85,31.0,30.47,69.0,67.81,0.0,0.0,76.0,74.69,1.07,1.05
XANTARES,31,Aurora,active,1716.313069613408,224.3863784355008,opponents,1.0572230950776167,89.0,94.09,42.0,44.4,43.0,45.46,93.0,98.32,27.0,28.55,0.0,0.0,50.0,52.86,1.13,1.19
xertioN,22,MOUZ,active,1769.0768803401727,237.45680607871452,opponents,1.067025915810027,79.0,84.3,65.0,69.36,33.0,35.21,81.0,86.43,45.0,48.02,0.0,0.0,87.0,92.83,1.14,1.22
xfl0ud,23,FUT,active,1770.2163931403547,207.1888287999037,opponents,1.0443249328509188,67.0,69.97,73.0,76.24,62.0,64.75,69.0,72.06,34.0,35.51,0.0,0.0,55.0,57.44,1.11,1.16
xiELO,20,PARIVISION,active,1652.1306147179534,199.20152949095308,opponents,1.0383344583692058,38.0,39.46,70.0,72.68,39.0,40.5,48.0,49.84,49.0,50.88,1.0,1.04,36.0,37.38,0.97,1.01
xKacpersky,19,Ninjas in Pyjamas,active,1614.9520073818546,182.85763615569843,opponents,1.026076538367765,79.0,81.06,52.0,53.36,42.0,43.1,75.0,76.96,40.0,41.04,0.0,0.0,42.0,43.1,1.09,1.12
YEKINDAR,26,FURIA,active,1766.3325304701589,215.18010199942617,opponents,1.0503183877505606,71.0,74.57,83.0,87.18,6.0,6.3,92.0,96.63,37.0,38.86,1.0,1.05,88.0,92.43,1.13,1.19
youka,22,RUSTEC,benched,1509.8223328146837,110.92193853991114,opponents,0.9721247651559245,76.0,73.88,17.0,16.53,29.0,28.19,77.0,74.85,66.0,64.16,95.0,92.35,60.0,58.33,1.15,1.12
yuurih,26,FURIA,active,1766.3325304701589,215.18010199942617,opponents,1.0503183877505606,51.0,53.57,28.0,29.41,48.0,50.42,12.0,12.6,95.0,99.78,0.0,0.0,49.0,51.47,1.13,1.19
yxngstxr,21,HEROIC,benched,1624.395013635111,200.56227012302958,opponents,1.0393550138432632,91.0,94.58,42.0,43.65,89.0,92.5,34.0,35.34,61.0,63.4,13.0,13.51,53.0,55.09,1.15,1.2
Zero,20,TYLOO,active,1643.7006824791729,131.1506221981803,opponents,0.9872962778996263,51.0,50.35,61.0,60.23,65.0,64.17,39.0,38.5,40.0,39.49,0.0,0.0,27.0,26.66,1.07,1.06
zont1x,21,Spirit,active,1878.12070818945,237.49341462471634,opponents,1.0670533722195283,26.0,27.74,53.0,56.55,31.0,33.08,22.0,23.48,34.0,36.28,0.0,0.0,65.0,69.36,0.98,1.05
zorte,28,BetBoom,active,1721.2632332777318,178.33035050143243,opponents,1.0226810741270653,29.0,29.66,17.0,17.39,70.0,71.59,54.0,55.22,80.0,81.81,91.0,93.06,64.0,65.45,0.97,0.99
ztr,23,FOKUS,loan,1599.0116516728226,147.5288877961726,opponents,0.9995799770981205,31.0,30.99,61.0,60.97,50.0,49.98,24.0,23.99,34.0,33.99,0.0,0.0,87.0,86.96,0.96,0.96
zweih,18,PARIVISION,active,1652.1306147179534,199.20152949095308,opponents,1.0383344583692058,38.0,39.46,38.0,39.46,38.0,39.46,43.0,44.65,74.0,76.84,5.0,5.19,50.0,51.92,1.05,1.09
ZywOo,25,Vitality,active,1827.7258930761996,237.88823539413758,opponents,1.0673494877965943,98.0,104.6,42.0,44.83,58.0,61.91,68.0,72.58,87.0,92.86,87.0,92.86,62.0,66.18,1.39,1.48
