playername,age,team,Clutching,Entrying,Firepower,Opening,Rating 3.0,Sniping,Trading,Utility
1eeR,24 years,No team,36/100,54/100,22/100,33/100,0.92,1/100,26/100,83/100
7Kick,21 years,No team,83/100,30/100,68/100,68/100,1.06,93/100,43/100,57/100
910,24 years,The MongolZ,44/100,26/100,88/100,79/100,1.17,94/100,23/100,64/100
acoR,29 years,Sashi,73/100,36/100,69/100,76/100,1.07,94/100,65/100,66/100
adamb,21 years,OG,26/100,66/100,74/100,50/100,1.13,0/100,68/100,43/100
adamS,25 years,Sangal,57/100,72/100,96/100,89/100,1.33,1/100,68/100,44/100
afro,27 years,Luminosity,64/100,2/100,45/100,43/100,1.00,94/100,43/100,70/100
Ag1l,23 years,100 Thieves (benched),24/100,42/100,30/100,26/100,0.98,0/100,16/100,53/100
Aleksib,29 years,Natus Vincere,42/100,85/100,3/100,6/100,0.87,0/100,43/100,86/100
alex,30 years,Iberian Soul,39/100,78/100,46/100,46/100,1.00,0/100,59/100,77/100
alex666,25 years,B8,71/100,34/100,25/100,31/100,0.97,0/100,26/100,71/100
aliStair,28 years,THUNDER dOWNUNDER,63/100,37/100,27/100,63/100,1.00,91/100,10/100,76/100
Alkaren,19 years,CYBERSHOKE (loan),76/100,18/100,89/100,90/100,1.18,92/100,43/100,62/100
Altekz,23 years,No team,71/100,53/100,51/100,24/100,1.04,0/100,68/100,47/100
Anlelele,25 years,Sashi,64/100,90/100,45/100,25/100,1.08,0/100,91/100,42/100
apEX,33 years,Vitality,33/100,47/100,30/100,82/100,0.90,0/100,27/100,94/100
aragornN,24 years,BC.Game (benched),,,,,,,,
arrozdoce,24 years,No team,,,,,,,,
arT,30 years,Legacy,18/100,59/100,12/100,72/100,0.88,5/100,17/100,74/100
ArtFr0st,24 years,1win (loan),89/100,8/100,56/100,42/100,1.09,93/100,73/100,87/100
avid,24 years,Alliance,38/100,58/100,70/100,69/100,1.13,0/100,73/100,52/100
AW,20 years,magic,70/100,47/100,62/100,43/100,1.14,0/100,53/100,68/100
Ax1Le,24 years,1win,31/100,64/100,91/100,64/100,1.18,3/100,57/100,84/100
AZUWU,22 years,Luminosity,40/100,79/100,61/100,89/100,1.07,0/100,51/100,55/100
b1st,18 years,Virtus.pro,69/100,49/100,82/100,90/100,1.20,95/100,44/100,62/100
b1t,23 years,Natus Vincere,28/100,34/100,84/100,50/100,1.18,4/100,63/100,45/100
Banjo,22 years,FOKUS,75/100,49/100,48/100,30/100,1.06,0/100,63/100,49/100
beastik,28 years,SINNERS,26/100,50/100,22/100,66/100,0.92,0/100,6/100,78/100
BELCHONOKK,22 years,1win (loan),51/100,84/100,37/100,60/100,1.02,0/100,64/100,40/100
biguzera,29 years,paiN,76/100,51/100,50/100,54/100,1.00,1/100,30/100,88/100
blameF,29 years,BIG,70/100,11/100,87/100,61/100,1.16,0/100,83/100,65/100
bLitz,25 years,The MongolZ,65/100,46/100,50/100,56/100,1.00,1/100,50/100,95/100
bobeksde,22 years,Alliance,28/100,29/100,87/100,90/100,1.11,0/100,31/100,64/100
bodyy,29 years,OG (loan),24/100,39/100,61/100,75/100,1.01,0/100,20/100,67/100
Boombl4,27 years,BetBoom,46/100,75/100,33/100,31/100,0.96,0/100,62/100,80/100
br0,24 years,Eternal Fire,27/100,58/100,19/100,30/100,0.92,1/100,31/100,66/100
brnz4n,22 years,MIBR,33/100,71/100,13/100,49/100,0.91,1/100,56/100,31/100
broky,25 years,FaZe (benched),49/100,72/100,49/100,46/100,0.99,93/100,38/100,71/100
Brollan,24 years,HEROIC,47/100,37/100,40/100,60/100,1.03,0/100,23/100,52/100
buda,23 years,BESTIA,51/100,87/100,65/100,73/100,1.06,0/100,48/100,86/100
Burmylov,19 years,No team,76/100,29/100,98/100,89/100,1.22,94/100,58/100,29/100
Buzz,23 years,No team,,,,,,,,
Bymas,23 years,Luminosity,40/100,32/100,6/100,16/100,0.87,0/100,71/100,29/100
C4LLM3SU3,22 years,Lynn Vision,84/100,37/100,33/100,24/100,0.97,1/100,51/100,44/100
Cabbi,28 years,Sashi,51/100,72/100,45/100,79/100,1.00,0/100,61/100,68/100
CacaNito,25 years,JiJieHao,31/100,62/100,89/100,85/100,1.17,1/100,60/100,55/100
cadiaN,31 years,OG,73/100,19/100,46/100,74/100,0.99,92/100,40/100,84/100
cairne,23 years,fnatic,32/100,52/100,70/100,53/100,1.17,0/100,37/100,40/100
Calyx,28 years,No team,,,,,,,,
cej0t,19 years,Phantom,76/100,58/100,44/100,37/100,1.02,0/100,32/100,61/100
CeRq,26 years,No team,,,,,,,,
chayJESUS,25 years,RED Canids (benched),,,,,,,,
ultimate,22 years,Betclic,77/100,14/100,46/100,56/100,1.03,90/100,32/100,51/100
urban0,22 years,Bounty Hunters,,,,,,,,
FL1T,25 years,PARIVISION,47/100,49/100,52/100,55/100,0.97,0/100,77/100,64/100
HObbit,32 years,No team,37/100,27/100,19/100,42/100,0.90,1/100,23/100,78/100
FL4MUS,22 years,GamerLegion,35/100,39/100,82/100,69/100,1.12,0/100,39/100,37/100
chelo,28 years,Imperial,44/100,65/100,59/100,72/100,1.12,0/100,22/100,62/100
ChildKing,26 years,Rare Atom (benched),,,,,,,,
chopper,29 years,Spirit (benched),,,,,,,,
Chr1zN,19 years,HEROIC,37/100,81/100,56/100,47/100,1.07,1/100,38/100,82/100
clax,24 years,K27,46/100,49/100,52/100,31/100,1.06,0/100,42/100,61/100
cmtry,18 years,FUT,73/100,24/100,16/100,27/100,0.95,88/100,42/100,64/100
cobrazera,21 years,The MongolZ (benched),61/100,53/100,58/100,42/100,1.06,1/100,55/100,30/100
coldzera,31 years,No team,,,,,,,,
controlez,29 years,The Huns,27/100,76/100,54/100,78/100,0.97,5/100,26/100,43/100
coolio,26 years,FUT (coach),,,,,,,,
cptkurtka023,27 years,Inner Circle,34/100,96/100,62/100,83/100,1.10,0/100,30/100,39/100
CRUC1AL,29 years,No team,71/100,28/100,69/100,45/100,1.13,84/100,69/100,45/100
Cxzi,26 years,Wildcard,36/100,78/100,46/100,79/100,1.01,0/100,70/100,59/100
CYPHER,23 years,No team,41/100,89/100,96/100,81/100,1.26,0/100,43/100,54/100
d1Ledez,23 years,BetBoom,54/100,67/100,55/100,14/100,1.03,0/100,80/100,35/100
DarkMeister,18 years,The MongolZ,32/100,26/100,58/100,57/100,1.01,5/100,78/100,23/100
dav1deuS,26 years,Fluxo,41/100,50/100,87/100,63/100,1.13,3/100,53/100,36/100
dav1g,25 years,Iberian Soul,35/100,82/100,28/100,58/100,0.96,0/100,57/100,53/100
Dawy,18 years,Inner Circle,31/100,79/100,97/100,85/100,1.23,0/100,75/100,30/100
decenty,22 years,Imperial,32/100,42/100,80/100,56/100,1.10,0/100,59/100,34/100
deemO,18 years,Yawara,45/100,56/100,40/100,37/100,1.04,0/100,42/100,48/100
degster,25 years,No team,,,,,,,,
deko,25 years,WW,68/100,4/100,97/100,82/100,1.21,93/100,32/100,48/100
dem0n,18 years,FUT,52/100,67/100,56/100,35/100,1.03,0/100,88/100,39/100
Demho,25 years,Betclic,60/100,43/100,42/100,31/100,1.08,0/100,15/100,54/100
DemQQ,25 years,No team,46/100,77/100,27/100,25/100,1.02,0/100,19/100,42/100
device,30 years,100 Thieves,71/100,7/100,88/100,79/100,1.17,92/100,27/100,87/100
dex,25 years,EYEBALLERS,50/100,51/100,51/100,57/100,0.97,0/100,33/100,65/100
dexter,32 years,THUNDER dOWNUNDER,41/100,45/100,46/100,67/100,0.93,2/100,56/100,77/100
dgt,25 years,9z (loan),57/100,41/100,66/100,74/100,1.06,0/100,56/100,45/100
Djoko,29 years,GenOne,45/100,66/100,60/100,59/100,1.04,0/100,68/100,69/100
doc,23 years,DENDELE,48/100,84/100,82/100,86/100,1.14,0/100,57/100,65/100
donk,19 years,Spirit,66/100,66/100,100/100,96/100,1.41,0/100,75/100,27/100
drop,22 years,No team,,,,,,,,
dukefissura,30 years,Game Point (loan),23/100,1/100,75/100,55/100,0.95,0/100,0/100,22/100
dumau,22 years,Legacy,27/100,54/100,83/100,85/100,1.12,0/100,36/100,77/100
dwushka,21 years,HOTU (loan),74/100,37/100,64/100,48/100,1.09,0/100,36/100,32/100
dycha,29 years,No team,,,,,,,,
dziugss,17 years,FUT,51/100,78/100,75/100,40/100,1.14,0/100,69/100,42/100
electroNic,27 years,BC.Game,36/100,87/100,34/100,30/100,0.99,1/100,42/100,57/100
EliGE,29 years,Liquid,54/100,85/100,88/100,83/100,1.17,0/100,78/100,39/100
EmiliaQAQ,21 years,Lynn Vision,49/100,44/100,24/100,39/100,0.93,0/100,40/100,49/100
eraa,25 years,Alliance,78/100,20/100,89/100,70/100,1.17,93/100,44/100,67/100
esenthial,20 years,B8,53/100,52/100,24/100,26/100,0.96,0/100,57/100,32/100
ewjerkz,25 years,SAW,18/100,85/100,30/100,57/100,0.98,0/100,53/100,61/100
Ex3rcice,26 years,3DMAX (benched),82/100,85/100,22/100,23/100,0.92,0/100,88/100,47/100
exit,29 years,Fluxo,76/100,36/100,63/100,35/100,1.13,0/100,61/100,91/100
F1KU,23 years,Metizport,43/100,45/100,55/100,30/100,1.10,0/100,55/100,50/100
FalleN,35 years,FURIA,22/100,42/100,12/100,24/100,0.89,8/100,8/100,74/100
fame,23 years,1win,66/100,78/100,55/100,39/100,1.11,0/100,57/100,56/100
FaNg,24 years,No team,,,,,,,,
faveN,26 years,BIG,69/100,76/100,25/100,39/100,0.99,1/100,71/100,30/100
fEAR,25 years,fnatic,55/100,61/100,36/100,49/100,0.98,0/100,9/100,83/100
felps,29 years,No team,,,,,,,,
flameZ,23 years,Vitality,10/100,87/100,78/100,93/100,1.14,0/100,17/100,66/100
flashie,30 years,Liquid (coach),21/100,8/100,10/100,69/100,0.71,0/100,27/100,52/100
Flierax,20 years,Inner Circle (benched),68/100,6/100,96/100,93/100,1.33,95/100,15/100,41/100
floppy,26 years,No team,,,,,,,,
fr3nd,24 years,No team,81/100,15/100,52/100,57/100,1.06,93/100,34/100,50/100
frontales,24 years,HOTU,73/100,16/100,58/100,67/100,1.12,95/100,35/100,64/100
frozen,24 years,FaZe,41/100,44/100,77/100,50/100,1.18,1/100,60/100,39/100
gafolo,24 years,DENDELE,41/100,93/100,12/100,23/100,0.93,0/100,70/100,77/100
Gizmy,22 years,100 Thieves,68/100,66/100,47/100,64/100,1.03,2/100,24/100,93/100
Goofy,25 years,No team,24/100,42/100,33/100,39/100,0.95,4/100,61/100,64/100
gr1ks,20 years,BIG,66/100,25/100,76/100,71/100,1.10,95/100,52/100,64/100
Graviti,22 years,3DMAX,38/100,77/100,24/100,62/100,0.92,0/100,60/100,59/100
Grim,25 years,NRG,45/100,72/100,81/100,55/100,1.16,0/100,61/100,40/100
gtw,15 years,RED Canids Academy,,,,,,,,
hades,26 years,No team,62/100,8/100,54/100,52/100,1.03,92/100,29/100,64/100
hAdji,30 years,No team,43/100,67/100,55/100,26/100,1.03,0/100,30/100,40/100
hallzerk,26 years,NRG,87/100,70/100,79/100,61/100,1.16,87/100,81/100,79/100
headtr1ck,22 years,Inner Circle,93/100,23/100,74/100,36/100,1.15,82/100,83/100,67/100
HeavyGod,24 years,G2,49/100,56/100,70/100,37/100,1.17,3/100,28/100,55/100
HEN1,31 years,Gaimin Gladiators (benched),94/100,23/100,20/100,51/100,0.86,84/100,42/100,65/100
HexT,24 years,Wildcard,73/100,32/100,36/100,25/100,1.03,0/100,37/100,42/100
hfah,20 years,BRUTE,33/100,59/100,31/100,32/100,0.97,0/100,51/100,23/100
HooXi,31 years,Astralis,25/100,84/100,6/100,27/100,0.88,3/100,19/100,78/100
HUASOPEEK,23 years,9z,34/100,90/100,64/100,40/100,1.10,0/100,60/100,54/100
huNter-,30 years,G2,38/100,75/100,65/100,25/100,1.05,0/100,88/100,89/100
hyped,25 years,No team,,,,,,,,
hypex,22 years,GamerLegion,60/100,63/100,29/100,36/100,0.98,79/100,66/100,55/100
IceBerg,25 years,Echo,36/100,84/100,12/100,55/100,0.83,0/100,11/100,58/100
ICY,21 years,Endless Journey (loan),51/100,26/100,91/100,51/100,1.38,91/100,56/100,38/100
iM,27 years,Natus Vincere,59/100,42/100,74/100,56/100,1.06,0/100,69/100,51/100
INS,27 years,FlyQuest,30/100,58/100,61/100,27/100,1.05,0/100,51/100,94/100
insani,22 years,MIBR,41/100,84/100,97/100,91/100,1.24,0/100,55/100,71/100
interz,26 years,No team,,,,,,,,
isak,24 years,No team,59/100,14/100,72/100,60/100,1.15,5/100,48/100,25/100
jabbi,23 years,Astralis,68/100,40/100,71/100,44/100,1.06,1/100,32/100,42/100
jackasmo,19 years,fnatic,30/100,39/100,90/100,46/100,1.19,0/100,54/100,74/100
JACKZ,34 years,No team,62/100,15/100,94/100,44/100,1.23,2/100,50/100,36/100
jambo,21 years,fnatic,68/100,23/100,84/100,91/100,1.19,93/100,24/100,58/100
Jame,27 years,PARIVISION,79/100,5/100,49/100,74/100,1.05,95/100,19/100,67/100
JamYoung,25 years,TYLOO,50/100,70/100,71/100,86/100,1.14,0/100,43/100,56/100
JBa,22 years,M80,82/100,39/100,49/100,28/100,1.06,0/100,55/100,33/100
JBOEN,21 years,FaZe (loan),77/100,5/100,82/100,78/100,1.17,94/100,26/100,61/100
jcobbb,22 years,FaZe,49/100,76/100,64/100,87/100,1.12,0/100,47/100,33/100
JDC,26 years,BIG,27/100,77/100,68/100,76/100,1.08,0/100,27/100,54/100
Jee,21 years,TYLOO,79/100,33/100,52/100,25/100,1.06,91/100,66/100,64/100
Jeorge,23 years,NRG,67/100,69/100,64/100,49/100,1.13,1/100,85/100,61/100
Jimpphat,19 years,Aurora,42/100,23/100,92/100,47/100,1.22,1/100,77/100,24/100
jkaem,32 years,BC.Game (benched),,,,,,,,
jks,30 years,FlyQuest,81/100,38/100,94/100,69/100,1.23,1/100,50/100,75/100
jL,26 years,No team,51/100,24/100,57/100,27/100,1.05,9/100,72/100,56/100
jocab,21 years,FOKUS,73/100,37/100,77/100,59/100,1.13,0/100,74/100,30/100
Jorko,17 years,Liquid,83/100,16/100,70/100,69/100,1.09,92/100,56/100,58/100
jottAAA,24 years,Eternal Fire (loan),30/100,12/100,96/100,71/100,1.21,0/100,60/100,42/100
JT,27 years,Liquid,41/100,58/100,34/100,64/100,1.00,0/100,39/100,62/100
junior,25 years,Voca,78/100,16/100,68/100,90/100,1.08,92/100,30/100,56/100
JW,31 years,EYEBALLERS,61/100,20/100,35/100,53/100,0.96,88/100,13/100,79/100
k1to,27 years,Nordic Partners,46/100,55/100,40/100,80/100,0.97,0/100,37/100,70/100
kade0,26 years,HOTU,28/100,40/100,27/100,30/100,0.97,0/100,42/100,57/100
KaiR0N-,22 years,Nemiga,71/100,44/100,70/100,50/100,1.04,0/100,57/100,24/100
kAlash,22 years,No team,61/100,27/100,51/100,34/100,1.02,4/100,25/100,22/100
karrigan,36 years,Falcons,20/100,88/100,2/100,34/100,0.74,1/100,9/100,84/100
kauez,23 years,RED Canids (benched) (loan),,,,,,,,
kaze,32 years,No team,,,,,,,,
KEi,25 years,Phantom,44/100,62/100,70/100,38/100,1.07,0/100,75/100,38/100
KENSI,24 years,Lavked,45/100,51/100,20/100,28/100,0.91,1/100,58/100,49/100
kensizor,20 years,B8,54/100,73/100,64/100,46/100,1.03,0/100,74/100,47/100
khaN,22 years,Nemiga,85/100,28/100,73/100,64/100,1.10,91/100,76/100,60/100
kisserek,23 years,SINNERS,29/100,39/100,56/100,64/100,1.03,0/100,16/100,61/100
kl1m,20 years,G2 Ares (benched),68/100,23/100,71/100,20/100,1.08,59/100,93/100,44/100
koala,21 years,DENDELE,70/100,12/100,63/100,49/100,1.11,1/100,34/100,49/100
Krabeni,21 years,FUT,34/100,27/100,64/100,79/100,1.00,0/100,14/100,76/100
kraghen,24 years,9INE,35/100,75/100,57/100,78/100,1.08,0/100,16/100,53/100
kRaSnaL,23 years,ENCE (benched),,,,,,,,
krazy,22 years,SAW,22/100,25/100,52/100,19/100,1.05,0/100,62/100,31/100
Krimbo,23 years,BIG (benched),,,,,,,,
KRIMZ,32 years,EYEBALLERS,38/100,30/100,62/100,30/100,1.11,1/100,42/100,66/100
Kristou,24 years,No team,,,,,,,,
KSCERATO,26 years,FURIA,73/100,22/100,76/100,29/100,1.17,1/100,72/100,79/100
ksloks,21 years,No team,,,,,,,,
Kursy,25 years,3DMAX,30/100,57/100,54/100,66/100,1.01,0/100,66/100,45/100
Kvem,24 years,Eternal Fire,23/100,82/100,96/100,93/100,1.23,5/100,31/100,48/100
kwezz,26 years,STATE,39/100,84/100,77/100,85/100,1.12,2/100,44/100,78/100
Kylar,26 years,Phantom,74/100,50/100,62/100,31/100,1.12,0/100,75/100,66/100
kyousuke,18 years,Falcons,32/100,78/100,89/100,80/100,1.19,0/100,70/100,30/100
kyuubii,21 years,No team,54/100,58/100,14/100,18/100,0.89,1/100,43/100,50/100
kyxsan,26 years,Aurora,29/100,91/100,24/100,51/100,1.01,0/100,11/100,63/100
L1haNg,22 years,Rare Atom,,,,,,,,
Lack1,26 years,FORZE Reload,34/100,30/100,70/100,52/100,1.02,1/100,25/100,30/100
Lake,21 years,M80,31/100,86/100,72/100,78/100,1.12,0/100,77/100,60/100
lampada,22 years,HOTU (benched),,,,,,,,
latto,23 years,Legacy,72/100,24/100,91/100,44/100,1.19,1/100,65/100,77/100
lauNX,21 years,FUT (benched),29/100,97/100,38/100,40/100,1.00,1/100,88/100,38/100
levi,21 years,Imperial (benched),22/100,74/100,69/100,24/100,1.06,94/100,14/100,40/100
Liazz,28 years,THUNDER dOWNUNDER,42/100,19/100,67/100,12/100,1.11,1/100,62/100,70/100
LNZ,23 years,MIBR,83/100,59/100,30/100,38/100,1.02,1/100,49/100,91/100
Lucaozy,24 years,Fluxo (benched),31/100,69/100,75/100,84/100,1.12,2/100,49/100,19/100
luchov,25 years,9z,42/100,60/100,82/100,78/100,1.12,0/100,67/100,56/100
Lucky,28 years,3DMAX,58/100,32/100,51/100,30/100,1.00,2/100,77/100,74/100
Lucky,23 years,Washed,48/100,33/100,85/100,50/100,1.22,41/100,83/100,46/100
Luken,29 years,No team,97/100,22/100,65/100,9/100,1.00,16/100,79/100,38/100
lux,24 years,Luminosity,11/100,70/100,52/100,49/100,1.04,0/100,66/100,85/100
m0NESY,21 years,Falcons,56/100,28/100,91/100,77/100,1.25,94/100,54/100,57/100
Maden,27 years,No team,28/100,18/100,79/100,75/100,1.05,1/100,28/100,73/100
Magisk,28 years,BC.Game,22/100,78/100,53/100,48/100,1.07,0/100,64/100,75/100
magixx,23 years,Spirit,53/100,70/100,21/100,29/100,0.97,0/100,12/100,93/100
Magnojez,21 years,BetBoom,54/100,64/100,93/100,86/100,1.23,4/100,17/100,77/100
MaiL09,17 years,Metizport,63/100,77/100,75/100,50/100,1.09,1/100,77/100,61/100
MAJ3R,35 years,Aurora (benched),37/100,41/100,20/100,21/100,0.99,1/100,13/100,81/100
Maka,29 years,3DMAX,65/100,44/100,40/100,53/100,1.02,78/100,20/100,90/100
makazze,19 years,Natus Vincere,43/100,81/100,60/100,85/100,1.03,0/100,11/100,68/100
malbsMd,23 years,Liquid,34/100,85/100,53/100,72/100,1.07,0/100,37/100,35/100
MartinezSa,25 years,HEROIC,85/100,20/100,80/100,68/100,1.17,93/100,42/100,54/100
MaSvAl,23 years,magic,57/100,63/100,69/100,21/100,1.18,0/100,36/100,84/100
Matheos,23 years,FOKUS,43/100,57/100,73/100,69/100,1.04,1/100,34/100,43/100
matios,24 years,Keyd Stars,43/100,29/100,62/100,73/100,1.06,1/100,27/100,60/100
MATYS,24 years,G2,35/100,57/100,34/100,51/100,1.01,0/100,46/100,38/100
max,27 years,9z,47/100,72/100,8/100,15/100,0.90,0/100,39/100,80/100
maxster,22 years,EYEBALLERS,55/100,30/100,70/100,24/100,1.17,0/100,58/100,55/100
maxxkor,23 years,DENDELE,63/100,15/100,32/100,34/100,0.97,91/100,68/100,73/100
Mercury,25 years,TYLOO,49/100,69/100,37/100,62/100,1.01,0/100,36/100,72/100
meyern,23 years,9z,58/100,35/100,18/100,33/100,0.96,92/100,53/100,57/100
mezii,27 years,Vitality,52/100,31/100,10/100,12/100,0.91,0/100,46/100,62/100
mir,30 years,Virtus.pro,54/100,80/100,66/100,26/100,1.08,0/100,69/100,91/100
MisteM,24 years,Eternal Fire,64/100,64/100,33/100,20/100,0.98,0/100,35/100,70/100
MistR,22 years,Sashi,51/100,97/100,51/100,45/100,1.07,0/100,85/100,70/100
misutaaa,23 years,3DMAX,66/100,73/100,45/100,25/100,0.99,0/100,64/100,39/100
mizu,22 years,HOTU,52/100,45/100,86/100,76/100,1.20,0/100,34/100,51/100
mo0N,21 years,magic,93/100,4/100,59/100,39/100,1.05,92/100,33/100,79/100
MoDo,23 years,SINNERS,65/100,16/100,58/100,73/100,1.09,94/100,30/100,57/100
molodoy,21 years,FURIA,51/100,12/100,86/100,87/100,1.14,93/100,51/100,46/100
mopoz,30 years,Iberian Soul,47/100,57/100,62/100,58/100,1.11,0/100,27/100,65/100
Moseyuh,21 years,TYLOO,29/100,61/100,31/100,60/100,1.00,0/100,56/100,27/100
MUTiRiS,33 years,SAW,42/100,46/100,36/100,74/100,1.09,0/100,33/100,94/100
myltsi,21 years,Nordic Partners,53/100,62/100,48/100,65/100,1.01,0/100,53/100,52/100
mzinho,19 years,BC.Game,28/100,48/100,41/100,44/100,1.04,0/100,52/100,49/100
n0rb3r7,25 years,HOTU,41/100,38/100,76/100,54/100,1.12,0/100,15/100,39/100
n0te,20 years,Ninjas in Pyjamas,53/100,15/100,84/100,72/100,1.10,0/100,32/100,13/100
n1ssim,25 years,Legacy,39/100,21/100,15/100,11/100,0.96,0/100,32/100,42/100
NAF,28 years,Liquid,84/100,14/100,58/100,25/100,1.11,6/100,58/100,48/100
nafany,25 years,1win,26/100,62/100,50/100,83/100,1.01,0/100,17/100,74/100
naitte,28 years,No team,1/100,91/100,82/100,98/100,1.06,7/100,27/100,65/100
nawwk,28 years,Johnny Speeds (benched),96/100,22/100,77/100,35/100,1.14,91/100,77/100,58/100
naz,26 years,ShindeN,51/100,76/100,41/100,72/100,1.07,0/100,19/100,65/100
Neityu,21 years,FaZe,60/100,65/100,29/100,15/100,0.98,0/100,27/100,54/100
nEMANHA,28 years,Wildcard,26/100,28/100,62/100,87/100,1.08,1/100,27/100,84/100
NertZ,27 years,G2,28/100,51/100,68/100,82/100,1.05,0/100,23/100,51/100
nettik,23 years,FlyQuest,24/100,95/100,69/100,55/100,1.18,0/100,76/100,76/100
nexa,29 years,No team,26/100,84/100,76/100,20/100,1.27,0/100,54/100,78/100
nicks,21 years,Patins da Ferrari,40/100,23/100,78/100,33/100,1.16,0/100,76/100,61/100
nicoodoz,26 years,Phantom,46/100,23/100,92/100,52/100,1.18,52/100,62/100,65/100
nicx,21 years,Marsborne,39/100,90/100,80/100,56/100,1.19,1/100,38/100,37/100
nifee,22 years,No team,,,,,,,,
NiKo,29 years,Falcons,79/100,42/100,73/100,48/100,1.17,0/100,60/100,70/100
nilo,21 years,HEROIC,57/100,50/100,85/100,36/100,1.18,0/100,77/100,29/100
nitr0,31 years,NRG,45/100,97/100,46/100,15/100,1.06,1/100,48/100,75/100
Nivera,25 years,Clutchain,62/100,83/100,52/100,28/100,1.03,9/100,41/100,29/100
Noktse,33 years,No team,,,,,,,,
Norwi,25 years,BAKS,43/100,29/100,52/100,30/100,1.03,2/100,53/100,68/100
nota,19 years,PARIVISION (benched),28/100,46/100,37/100,42/100,0.94,1/100,63/100,57/100
noway,21 years,Imperial,36/100,85/100,59/100,48/100,1.10,1/100,59/100,40/100
npl,21 years,B8,42/100,50/100,81/100,72/100,1.11,0/100,54/100,41/100
nqz,21 years,MIBR,95/100,23/100,56/100,40/100,1.08,91/100,74/100,55/100
NucleonZ,18 years,Falcons Force,70/100,16/100,49/100,80/100,1.01,1/100,30/100,40/100
nut nut,20 years,ECSTATIC (benched),,,,,,,,
nyezin,22 years,No team,36/100,30/100,80/100,74/100,1.07,1/100,46/100,66/100
nython,28 years,Galorys (benched),32/100,51/100,9/100,18/100,0.89,2/100,79/100,75/100
onic,21 years,Inner Circle,71/100,34/100,24/100,32/100,1.01,6/100,14/100,88/100
oSee,27 years,NRG (benched),56/100,11/100,7/100,39/100,0.86,87/100,84/100,58/100
oxygeN,23 years,No team,,,,,,,,
pancc,28 years,UNO MILLE,35/100,45/100,70/100,76/100,1.05,0/100,45/100,49/100
Peeping,21 years,SportsBetExpert,36/100,80/100,90/100,89/100,1.16,2/100,23/100,65/100
Perfecto,26 years,No team,,,,,,,,
phzy,23 years,Astralis,74/100,15/100,26/100,66/100,0.95,91/100,41/100,65/100
piriajr,23 years,paiN,66/100,10/100,46/100,57/100,1.03,7/100,27/100,18/100
podi,22 years,FOKUS,93/100,22/100,26/100,34/100,1.01,91/100,59/100,48/100
PR,18 years,MOUZ,41/100,54/100,51/100,52/100,1.01,1/100,51/100,56/100
pr1metapz,25 years,OG (loan),74/100,64/100,8/100,14/100,0.94,0/100,30/100,36/100
Prism,28 years,Betclic,27/100,66/100,66/100,73/100,1.07,0/100,25/100,74/100
prosus,23 years,BIG Academy,39/100,77/100,91/100,86/100,1.17,2/100,28/100,57/100
Qikert,27 years,Color,44/100,79/100,6/100,32/100,0.89,0/100,56/100,84/100
r1nkle,21 years,G2,35/100,9/100,27/100,49/100,0.99,92/100,15/100,67/100
raalz,31 years,9INE,43/100,58/100,38/100,38/100,0.94,0/100,21/100,86/100
rain,31 years,100 Thieves,27/100,85/100,52/100,63/100,1.06,0/100,24/100,71/100
Rainwaker,25 years,Luminosity,36/100,19/100,39/100,47/100,0.98,0/100,11/100,28/100
rdnzao,23 years,DENDELE,45/100,83/100,40/100,53/100,0.98,0/100,47/100,58/100
reck,22 years,Wildcard,56/100,63/100,32/100,14/100,1.02,0/100,73/100,79/100
regali,23 years,Eternal Fire,93/100,18/100,56/100,33/100,1.06,91/100,71/100,60/100
REZ,28 years,GamerLegion,49/100,70/100,70/100,51/100,1.06,1/100,74/100,57/100
rigoN,26 years,No team,46/100,69/100,64/100,76/100,0.98,0/100,23/100,41/100
rikz,35 years,paiN (coach),,,,,,,,
riskyb0b,23 years,No team,33/100,16/100,65/100,26/100,1.05,4/100,7/100,41/100
Ro1f,22 years,EYEBALLERS,61/100,69/100,19/100,17/100,0.96,0/100,52/100,84/100
roman,37 years,No team,,,,,,,,
ropz,26 years,Vitality,33/100,1/100,67/100,55/100,1.09,0/100,32/100,27/100
ruggah,37 years,No team,,,,,,,,
ryu,22 years,Astralis,47/100,27/100,44/100,43/100,1.04,0/100,70/100,28/100
s-chilla,21 years,No team,,,,,,,,
s1mple,28 years,BC.Game,84/100,16/100,88/100,72/100,1.23,87/100,61/100,67/100
s1n,24 years,M80,43/100,41/100,11/100,19/100,0.88,1/100,50/100,86/100
S1ren,24 years,BetBoom,15/100,98/100,9/100,37/100,0.89,0/100,94/100,38/100
s1zzi,16 years,B8 (loan),57/100,28/100,59/100,73/100,1.02,94/100,28/100,47/100
saadzin,22 years,Imperial,77/100,19/100,57/100,67/100,1.10,93/100,44/100,67/100
saffee,31 years,paiN,92/100,9/100,35/100,50/100,1.00,93/100,17/100,54/100
SaMey,26 years,Walczaki,89/100,18/100,48/100,30/100,1.03,91/100,34/100,60/100
sausol,26 years,Iberian Soul,49/100,23/100,63/100,55/100,1.05,0/100,38/100,58/100
sAw,34 years,G2 (coach),,,,,,,,
Scr0b,22 years,HYPERSPIRIT,10/100,74/100,25/100,56/100,1.05,81/100,87/100,55/100
sdy,29 years,No team,,,,,,,,
segukawa,16 years,B8 Academy,72/100,8/100,82/100,22/100,1.14,90/100,74/100,64/100
SELLTER,23 years,Nemesis,47/100,72/100,20/100,31/100,0.96,0/100,58/100,74/100
Senzu,20 years,BC.Game,60/100,70/100,95/100,85/100,1.32,1/100,66/100,56/100
sFade8,22 years,magic,17/100,37/100,35/100,84/100,0.94,0/100,13/100,76/100
sh1ro,25 years,Spirit,85/100,40/100,83/100,51/100,1.16,94/100,71/100,64/100
SHiPZ,26 years,No team,10/100,36/100,92/100,63/100,1.38,12/100,4/100,68/100
SHOCK,25 years,SINNERS,68/100,11/100,29/100,45/100,1.03,1/100,27/100,46/100
Shr,25 years,No team,,,,,,,,
sirah,19 years,100 Thieves,42/100,36/100,51/100,29/100,1.01,0/100,79/100,52/100
siuhy,23 years,Liquid (benched),10/100,81/100,3/100,23/100,0.81,0/100,55/100,86/100
sjuush,27 years,Ninjas in Pyjamas,70/100,45/100,53/100,48/100,1.03,0/100,41/100,68/100
skullz,24 years,Imperial (benched),,,,,,,,
sl3nd,21 years,INFINITE,73/100,14/100,96/100,64/100,1.17,90/100,82/100,81/100
slaxejezzz,18 years,PARIVISION,71/100,68/100,79/100,48/100,1.14,2/100,73/100,59/100
slaxz-,27 years,M80,44/100,21/100,72/100,76/100,1.11,93/100,43/100,68/100
Snappi,36 years,Ninjas in Pyjamas,44/100,58/100,11/100,29/100,0.87,1/100,11/100,86/100
Snax,33 years,GamerLegion,75/100,33/100,30/100,61/100,0.91,2/100,21/100,79/100
snow,19 years,paiN,40/100,26/100,67/100,60/100,1.06,0/100,49/100,59/100
somebody,31 years,No team,,,,,,,,
Sonic,27 years,NRG,39/100,70/100,93/100,92/100,1.23,0/100,66/100,80/100
soulfly,22 years,Aurora (benched),60/100,42/100,42/100,36/100,1.05,0/100,28/100,22/100
sowalio,22 years,Nemiga (benched),65/100,48/100,39/100,67/100,1.03,0/100,39/100,56/100
SPELLAN,28 years,Acend,33/100,42/100,18/100,71/100,0.89,2/100,9/100,85/100
Spinx,25 years,MOUZ,40/100,59/100,59/100,70/100,1.09,0/100,36/100,32/100
spooke,25 years,OG,45/100,45/100,78/100,60/100,1.10,2/100,59/100,72/100
Staehr,22 years,Astralis,65/100,66/100,84/100,83/100,1.18,0/100,59/100,75/100
stanislaw,32 years,Metizport,30/100,76/100,9/100,15/100,0.91,0/100,19/100,80/100
Starry,21 years,Lynn Vision,56/100,45/100,69/100,47/100,1.08,3/100,85/100,65/100
stavn,24 years,Ninjas in Pyjamas,81/100,11/100,79/100,55/100,1.12,90/100,59/100,74/100
Stewie2K,28 years,No team,,,,,,,,
story,24 years,SAW,55/100,17/100,45/100,76/100,0.98,92/100,24/100,65/100
stressarN,23 years,SINNERS,29/100,24/100,52/100,23/100,1.01,0/100,77/100,44/100
Summer,29 years,Rare Atom,,,,,,,,
SunPayus,27 years,G2 (benched),65/100,38/100,36/100,57/100,1.01,93/100,47/100,65/100
susp,21 years,HEROIC,63/100,73/100,26/100,61/100,0.98,0/100,37/100,32/100
Swisher,27 years,M80,53/100,91/100,44/100,62/100,1.03,0/100,49/100,84/100
syrsoN,30 years,No team,,,,,,,,
tabseN,31 years,BIG,44/100,80/100,35/100,52/100,1.03,0/100,23/100,84/100
tAk,21 years,G2 Ares,41/100,36/100,88/100,64/100,1.15,0/100,85/100,46/100
Tauson,21 years,GamerLegion,49/100,48/100,51/100,33/100,1.00,0/100,35/100,43/100
Techno,21 years,The MongolZ,30/100,50/100,11/100,22/100,0.89,0/100,25/100,58/100
tenzy,21 years,magic,35/100,83/100,88/100,75/100,1.17,0/100,42/100,57/100
TeSeS,25 years,Falcons,56/100,42/100,30/100,20/100,1.03,0/100,79/100,51/100
tikuak,17 years,The MongolZ,68/100,74/100,22/100,26/100,1.00,1/100,48/100,30/100
TMB,24 years,Phantom,58/100,86/100,46/100,72/100,1.03,1/100,14/100,84/100
tN1R,25 years,Spirit,29/100,48/100,34/100,32/100,0.99,0/100,30/100,54/100
tO0RO,18 years,Virtus.pro,57/100,43/100,40/100,31/100,1.04,0/100,67/100,35/100
tomaszin,22 years,BESTIA,60/100,61/100,85/100,79/100,1.13,1/100,58/100,56/100
Topa,26 years,No team,,,,,,,,
torzsi,24 years,MOUZ,78/100,24/100,72/100,47/100,1.16,93/100,50/100,62/100
TRAVIS,28 years,No team,39/100,27/100,46/100,34/100,1.05,0/100,47/100,63/100
try,21 years,Legacy,76/100,81/100,78/100,91/100,1.17,90/100,58/100,54/100
twist,31 years,Alliance,68/100,64/100,41/100,35/100,1.05,1/100,46/100,91/100
Twistzz,26 years,FaZe,44/100,58/100,73/100,64/100,1.20,1/100,49/100,73/100
upE,22 years,Alliance,55/100,65/100,27/100,33/100,1.02,0/100,21/100,62/100
venomzera,22 years,MIBR,76/100,96/100,60/100,57/100,1.10,0/100,64/100,24/100
Vexite,21 years,FlyQuest,67/100,59/100,98/100,80/100,1.32,0/100,36/100,72/100
VINI,27 years,Imperial,41/100,65/100,49/100,45/100,1.07,1/100,45/100,93/100
volt,24 years,INFINITE,57/100,94/100,20/100,31/100,0.97,0/100,55/100,38/100
vsm,27 years,paiN,37/100,45/100,56/100,49/100,1.05,0/100,19/100,50/100
w0nderful,21 years,Natus Vincere,95/100,64/100,59/100,77/100,1.04,93/100,89/100,56/100
Westmelon,25 years,Lynn Vision,27/100,81/100,37/100,57/100,0.96,0/100,39/100,78/100
Wicadia,21 years,Aurora,46/100,54/100,83/100,54/100,1.14,1/100,36/100,25/100
WOOD7,31 years,No team,,,,,,,,
woxic,27 years,Aurora,71/100,45/100,63/100,69/100,1.09,94/100,43/100,51/100
Xant3r,22 years,Nemiga,69/100,62/100,47/100,31/100,1.07,0/100,67/100,76/100
XANTARES,31 years,Aurora,27/100,42/100,89/100,93/100,1.13,0/100,43/100,50/100
xertioN,22 years,MOUZ,45/100,65/100,79/100,81/100,1.14,0/100,33/100,87/100
xfl0ud,23 years,FUT,34/100,73/100,67/100,69/100,1.11,0/100,62/100,55/100
xiELO,20 years,PARIVISION,49/100,70/100,38/100,48/100,0.97,1/100,39/100,36/100
xKacpersky,19 years,Ninjas in Pyjamas,40/100,52/100,79/100,75/100,1.09,0/100,42/100,42/100
YEKINDAR,26 years,FURIA,37/100,83/100,71/100,92/100,1.13,1/100,6/100,88/100
youka,22 years,RUSTEC (benched),66/100,17/100,76/100,77/100,1.15,95/100,29/100,60/100
yuurih,26 years,FURIA,95/100,28/100,51/100,12/100,1.13,0/100,48/100,49/100
yxngstxr,21 years,HEROIC (benched),61/100,42/100,91/100,34/100,1.15,13/100,89/100,53/100
Zero,20 years,TYLOO,40/100,61/100,51/100,39/100,1.07,0/100,65/100,27/100
zont1x,21 years,Spirit,34/100,53/100,26/100,22/100,0.98,0/100,31/100,65/100
zorte,28 years,BetBoom,80/100,17/100,29/100,54/100,0.97,91/100,70/100,64/100
ztr,23 years,FOKUS (loan),34/100,61/100,31/100,24/100,0.96,0/100,50/100,87/100
zweih,18 years,PARIVISION,74/100,38/100,38/100,43/100,1.05,5/100,38/100,50/100
ZywOo,25 years,Vitality,87/100,42/100,98/100,68/100,1.39,87/100,58/100,62/100
