team,hltvPoints,ranking
Falcons,812,1
Spirit,731,2
FURIA,669,3
Vitality,668,4
MOUZ,568,5
Natus Vincere,493,6
FaZe,362,7
Aurora,357,8
9z,349,9
G2,310,10
Astralis,305,11
Legacy,278,12
The MongolZ,276,13
FUT,256,14
BetBoom,243,15
PARIVISION,239,16
B8,209,17
paiN,175,18
BIG,163,19
Liquid,154,20
magic,152,21
3DMAX,146,22
MIBR,140,23
Ninjas in Pyjamas,128,24
GamerLegion,125,25
TYLOO,117,26
Alliance,115,27
Inner Circle,113,28
HEROIC,103,29
HOTU,101,30
DENDELE,100,31
100 Thieves,95,32
JiJieHao,88,33
Lynn Vision,86,34
K27,84,35
Luminosity,81,36
Nemesis,78,37
fnatic,78,38
Acend,76,39
M80,75,40
EYEBALLERS,75,41
Betclic,70,42
Echo,64,43
Sashi,58,44
1win,57,45
FOKUS,56,46
BC.Game,55,47
Wildcard,54,48
NRG,53,49
Iberian Soul,48,50
SINNERS,48,51
Virtus.pro,46,52
FlyQuest,46,53
GenOne,42,54
Phantom,38,55
Imperial,37,56
INFINITE,36,57
EAC,36,58
Fluxo,35,59
9INE,33,60
Nuclear TigeRES,32,61
SAW,31,62
BESTIA,29,63
ASTRAL,29,64
OG,27,65
BRUTE,26,66
Prestige,24,67
Nemiga,24,68
Butterfly,23,69
ShindeN,22,70
BAKS,22,71
WW,22,72
THUNDER dOWNUNDER,22,73
Eternal Fire,22,74
Voca,21,75
ex-RUBY,21,76
CYBERSHOKE Prospects,21,77
Ground Zero,20,78
G2 Ares,20,79
Omega,20,80
INOX Division,20,81
LP,20,82
Walczaki,20,83
Bushido Wildcats,19,84
SportsBetExpert,19,85
CYBERSHOKE,18,86
NOVAQ,18,87
Rune Eaters,18,88
PCIFIC,18,89
Metizport,18,90
BASEMENT BOYS,18,91
DEPO,17,92
SPARTA,17,93
Black Phoenix,16,94
Just Players,16,95
regain,16,96
QUAZAR,16,97
ReThink,15,98
The Huns,15,99
Enjoy,15,100
The Last Resort,14,101
Marsborne,14,102
Keyd Stars,14,103
Nordic Partners,14,104
Sangal,14,105
Bounty Hunters,14,106
Spirit Academy,14,107
ALKA,13,108
NAVI Junior,13,109
UNiTY,13,110
Isurus,13,111
WBT,13,112
Mindfreak,13,113
LAG,13,114
Permitta,13,115
SAW Youngsters,13,116
ODDIK,13,117
LPH,12,118
Inner Circle Academy,12,119
Galorys,12,120
ARCRED,12,121
HYPERSPIRIT,12,122
MOUZ NXT,12,123
Honvéd,12,124
Leo,12,125
Partizan,12,126
HAVU,12,127
ex-MANA,11,128
Patins da Ferrari,11,129
PURE,11,130
Misa,11,131
BET-M,11,132
Entropy,11,133
THE UNIT,11,134
ENCE,11,135
Nexus,11,136
Lavked,11,137
Vexar,11,138
BESTIA Academy,11,139
BIG Academy,11,140
Yawara,10,141
Wingman,10,142
NEXVOID,10,143
PsychoFace,10,144
Lazer Cats,10,145
Villainous,10,146
mellren,10,147
Coalesce,10,148
benched gods,9,149
Abyssal,9,150
UNO MILLE,9,151
Falcons Force,9,152
Atreides,9,153
KUUSAMO,9,154
5star,9,155
Arcade,9,156
Phantom Academy,9,157
Rooster,8,158
Trainwrecks,8,159
Orda,8,160
QUINTESSÊNCIA,8,161
MAYBE,8,162
NEW VISION,8,163
SINQU,8,164
DONSTU,8,165
FORZE Reload,8,166
Strael Bora,8,167
MIBR fe,8,168
Fire Flux,8,169
Endless Journey,7,170
B8 Academy,7,171
Overtake Sector,7,172
aimclub,7,173
train launcher,7,174
BERG,7,175
NuTorious,7,176
BORRACHEIROS,7,177
Privateer,7,178
STATE,7,179
Bebop,7,180
Noir Verse,7,181
eternal premium,7,182
Spirit HU,7,183
paiN Academy,6,184
Tricksters,6,185
ALTAY,6,186
Grêmio,6,187
Lilmix,5,188
Chicken Coop,5,189
Young TigeRES,5,190
Kaleido,5,191
Procyon,5,192
CTRL,4,193
Red Feet,4,194
Clutchain fe,4,195
ODDIK Academy,4,196
METANOIA Wolves,4,197
CarritoSpain,4,198
Game Point,4,199
ROUNDS,3,200
RUSH,3,201
Shimmer,3,202
DXA,3,203
Iowa Stormboar,3,204
Fortress,3,205
Beyond Limits,3,206
Wanted Goons,3,207
OlyBet,3,208
Chinggis Warriors,2,209
Finishers,2,210
Atrix,2,211
ex-Zero Tenacity,2,212
Diamant,1,213
Arch,1,214
Fisher College,1,215
Blitzkrieg,1,216
