cluster,teams,ranked_teams,best_hltv_rank,median_hltv_rank,worst_hltv_rank,average_hltv_points,median_elo_rank,in_expected_cluster,beats_next_cluster
1,16,16,1.0,8.5,32.0,398.375,11.5,12,0.8303571428571429
2,8,7,11.0,23.0,62.0,147.625,43.0,2,0.7142857142857143
3,13,10,15.0,40.0,135.0,67.6923076923077,62.0,2,0.58
4,6,5,27.0,47.0,90.0,48.333333333333336,80.5,2,0.5
5,4,4,37.0,53.0,68.0,47.75,24.0,0,0.5625
6,11,8,26.0,76.0,209.0,33.90909090909091,91.0,1,0.4375
7,3,2,44.0,61.5,79.0,26.0,385.0,0,0.625
8,6,4,35.0,96.5,126.0,21.666666666666668,256.5,1,0.5833333333333334
9,10,9,54.0,92.0,145.0,16.6,190.5,3,0.0
10,5,1,36.0,36.0,36.0,16.2,1021.0,0,1.0
11,16,10,40.0,93.5,215.0,16.125,113.0,1,0.5384615384615384
12,17,13,56.0,106.0,192.0,13.294117647058824,110.0,2,0.6538461538461539
13,3,2,117.0,123.0,129.0,8.0,54.0,0,0.0
14,2,1,107.0,107.0,107.0,7.0,105.5,0,0.7142857142857143
15,15,7,73.0,150.0,203.0,5.6,495.0,1,0.2857142857142857
16,3,1,96.0,96.0,96.0,5.333333333333333,497.0,0,1.0
17,2,1,191.0,191.0,191.0,2.5,490.0,0,0.5
18,4,2,168.0,189.5,211.0,2.5,612.0,1,0.5
19,3,1,202.0,202.0,202.0,1.0,1147.0,0,
