,1,2,3,4,5,6,7,8,9,10,11,12,13,14,15,16,17,18,19
1,,-1.1,+1.1,-1.2,+4.0,+3.4,+7.5,+7.0,+2.0,+7.5,+0.5,+3.1,,,+2.0,,,,
2,+1.1,,-2.6,+2.0,-3.5,+2.4,-6.0,,,+9.0,-0.8,-4.3,,,-7.0,,,,
3,-1.1,+2.6,,-3.6,+4.0,+2.8,+2.8,+5.0,+6.5,,+2.0,+3.7,-3.0,+3.5,,,,,
4,+1.2,-2.0,+3.6,,,+1.3,+1.2,+10.0,+6.0,,+3.5,,,-4.0,,,,,
5,-4.0,+3.5,-4.0,,,+3.0,,,,+3.0,,,,,,,,,
6,-3.4,-2.4,-2.8,-1.3,-3.0,,,,+8.0,+6.0,-1.4,+3.2,+8.0,,+8.0,,+11.0,,
7,-7.5,+6.0,-2.8,-1.2,,,,,,,+3.0,,,,+10.0,,,,
8,-7.0,,-5.0,-10.0,,,,,,,,,,,,,,,
9,-2.0,,-6.5,-6.0,,-8.0,,,,,-3.0,,,,,,,,
10,-7.5,-9.0,,,-3.0,-6.0,,,,,-6.0,,+4.0,,,,,,
11,-0.5,+0.8,-2.0,-3.5,,+1.4,-3.0,,+3.0,+6.0,,-3.0,+7.0,,,+1.8,,,+13.0
12,-3.1,+4.3,-3.7,,,-3.2,,,,,+3.0,,-1.3,,,,,+11.0,
13,,,+3.0,,,-8.0,,,,-4.0,-7.0,+1.3,,,,,,,
14,,,-3.5,+4.0,,,,,,,,,,,,,,,
15,-2.0,+7.0,,,,-8.0,-10.0,,,,,,,,,,,,
16,,,,,,,,,,,-1.8,,,,,,,,
17,,,,,,-11.0,,,,,,,,,,,,,
18,,,,,,,,,,,,-11.0,,,,,,,
19,,,,,,,,,,,-13.0,,,,,,,,
