team,cluster,elo_rank,strength,hltv_rank,hltv_points,expected_cluster,cluster_difference
Falcons,1,2,1829.270927997146,1.0,812.0,1.0,0.0
Spirit,1,1,1878.12070818945,2.0,731.0,1.0,0.0
FURIA,1,6,1766.3325304701589,3.0,669.0,1.0,0.0
Vitality,1,3,1827.7258930761996,4.0,668.0,1.0,0.0
MOUZ,1,5,1769.0768803401727,5.0,568.0,1.0,0.0
Natus Vincere,1,8,1746.5534570330556,6.0,493.0,1.0,0.0
FaZe,1,28,1672.8628485618008,7.0,362.0,1.0,0.0
Aurora,1,13,1716.313069613408,8.0,357.0,1.0,0.0
9z,1,7,1747.3062900514851,9.0,349.0,1.0,0.0
G2,1,10,1730.170410648389,10.0,310.0,1.0,0.0
The MongolZ,1,23,1681.0336048052138,13.0,276.0,1.0,0.0
B8,1,36,1654.3543639529853,17.0,209.0,1.0,0.0
paiN,1,72,1600.6811748667694,18.0,175.0,2.0,-1.0
Liquid,1,66,1609.9052479419158,20.0,154.0,2.0,-1.0
3DMAX,1,151,1537.592937485416,22.0,146.0,2.0,-1.0
100 Thieves,1,22,1682.4420724096733,32.0,95.0,3.0,-2.0
Astralis,2,33,1659.8337378957483,11.0,305.0,1.0,1.0
Legacy,2,9,1742.4888102009531,12.0,278.0,1.0,1.0
FUT,2,4,1770.2163931403547,14.0,256.0,1.0,1.0
MIBR,2,20,1692.38028485306,23.0,140.0,2.0,0.0
GamerLegion,2,59,1622.1465889094538,25.0,125.0,2.0,0.0
Virtus.pro,2,53,1630.324794914099,52.0,46.0,6.0,-4.0
SAW,2,884,1478.9719330248672,62.0,31.0,6.0,-4.0
RED Canids,2,94,1576.4775698951555,,0.0,,
BetBoom,3,11,1721.2632332777318,15.0,243.0,1.0,2.0
magic,3,17,1699.6806369624917,21.0,152.0,2.0,1.0
Ninjas in Pyjamas,3,62,1614.9520073818546,24.0,128.0,2.0,1.0
HEROIC,3,58,1624.395013635111,29.0,103.0,3.0,0.0
HOTU,3,26,1675.4792671501789,30.0,101.0,3.0,0.0
Iberian Soul,3,34,1656.8159545618244,50.0,48.0,5.0,-2.0
SINNERS,3,90,1581.1070934884442,51.0,48.0,5.0,-2.0
9INE,3,155,1533.233078383505,60.0,33.0,6.0,-3.0
NAVI Junior,3,156,1532.7734182281342,109.0,13.0,11.0,-8.0
ENCE,3,117,1554.0370400470058,135.0,11.0,12.0,-9.0
Monte,3,56,1626.3384425135828,,0.0,,
Gentle Mates,3,70,1602.210540185858,,0.0,,
ECSTATIC,3,406,1502.9544663612844,,0.0,,
Alliance,4,14,1715.8864991153564,27.0,115.0,3.0,1.0
EYEBALLERS,4,51,1636.1883669237743,41.0,75.0,4.0,0.0
BC.Game,4,130,1547.8573057379494,47.0,55.0,4.0,0.0
OG,4,93,1576.4992131340546,65.0,27.0,7.0,-3.0
Metizport,4,68,1604.9736307652106,90.0,18.0,9.0,-5.0
Johnny Speeds,4,108,1557.6418760287606,,0.0,,
Nemesis,5,18,1697.310431159745,37.0,78.0,3.0,2.0
1win,5,31,1665.360095754858,45.0,57.0,4.0,1.0
Nuclear TigeRES,5,19,1696.4211694025523,61.0,32.0,6.0,-1.0
Nemiga,5,29,1672.7382249697453,68.0,24.0,8.0,-3.0
TYLOO,6,47,1643.7006824791729,26.0,117.0,3.0,3.0
JiJieHao,6,48,1639.822390577609,33.0,88.0,3.0,3.0
Lynn Vision,6,39,1653.8232371098454,34.0,86.0,3.0,3.0
FlyQuest,6,55,1627.4272801353404,53.0,46.0,6.0,0.0
The Huns,6,124,1550.4996128512016,99.0,15.0,11.0,-5.0
NEXVOID,6,82,1589.3125663728897,143.0,10.0,12.0,-6.0
5star,6,91,1578.545017541961,155.0,9.0,13.0,-7.0
Chinggis Warriors,6,220,1517.8996912525483,209.0,2.0,18.0,-12.0
Rare Atom,6,1135,1444.151786146121,,0.0,,
Change The Game,6,1143,1441.6368797032287,,0.0,,
NomadS,6,1175,1421.7199517088218,,0.0,,
Sashi,7,38,1653.9970178115238,44.0,58.0,4.0,3.0
G2 Ares,7,385,1507.815709476853,79.0,20.0,9.0,-2.0
MASONIC,7,1215,1369.643589395498,,0.0,,
K27,8,41,1652.9711668722243,35.0,84.0,3.0,5.0
WW,8,76,1597.5310891791582,72.0,22.0,8.0,0.0
ARCRED,8,104,1565.4385742996803,121.0,12.0,12.0,-4.0
Partizan,8,1161,1432.438654766561,126.0,12.0,12.0,-4.0
CPH Wolves,8,409,1502.7426615434615,,0.0,,
Oxuji,8,1024,1467.2320907661772,,0.0,,
GenOne,9,32,1660.7597758402346,54.0,42.0,6.0,3.0
Omega,9,251,1512.65237026247,80.0,20.0,9.0,0.0
NOVAQ,9,215,1519.4331448272333,87.0,18.0,9.0,0.0
Rune Eaters,9,146,1538.657498742917,88.0,18.0,9.0,0.0
DEPO,9,132,1546.969299563713,92.0,17.0,10.0,-1.0
SPARTA,9,98,1569.7355410155612,93.0,17.0,11.0,-2.0
MOUZ NXT,9,1099,1454.5282746041505,123.0,12.0,12.0,-3.0
Leo,9,166,1529.0420065766175,125.0,12.0,12.0,-3.0
Lazer Cats,9,984,1471.8273246852875,145.0,10.0,12.0,-3.0
ALLINNERS,9,1200,1399.3872342700308,,0.0,,
Luminosity,10,1152,1438.8333102247122,36.0,81.0,3.0,7.0
INTZ,10,148,1537.9261259984692,,0.0,,
eUnited,10,496,1493.1534872319623,,0.0,,
Envy,10,1021,1467.6555035548474,,0.0,,
Complexity,10,1127,1446.6779120967972,,0.0,,
M80,11,46,1646.6994107512587,40.0,75.0,4.0,7.0
Wildcard,11,52,1635.0497135784449,48.0,54.0,5.0,6.0
NRG,11,35,1655.499688433168,49.0,53.0,5.0,6.0
Voca,11,24,1677.7169572327784,75.0,21.0,9.0,2.0
SportsBetExpert,11,86,1583.0675050915988,85.0,19.0,9.0,2.0
Marsborne,11,60,1617.3558968721884,102.0,14.0,11.0,0.0
LAG,11,194,1522.7077955735842,114.0,13.0,12.0,-1.0
Chicken Coop,11,103,1566.2616347210933,189.0,5.0,15.0,-4.0
Wanted Goons,11,1196,1404.3996876380434,207.0,3.0,17.0,-6.0
Fisher College,11,131,1547.6762714715317,215.0,1.0,19.0,-8.0
Getting Info,11,99,1569.709164634625,,0.0,,
BLUEJAYS,11,123,1550.70261548083,,0.0,,
Rave,11,225,1517.1314331660806,,0.0,,
BOSS,11,402,1503.9431270605987,,0.0,,
EMPIRE,11,1040,1465.846534830422,,0.0,,
Aether,11,1178,1421.3405226987772,,0.0,,
Imperial,12,15,1715.4338789766566,56.0,37.0,6.0,6.0
Fluxo,12,69,1602.8519242428213,59.0,35.0,6.0,6.0
BESTIA,12,30,1669.824377197418,63.0,29.0,7.0,5.0
ShindeN,12,40,1653.6452124875063,70.0,22.0,8.0,4.0
LP,12,37,1654.010266203263,82.0,20.0,9.0,3.0
Keyd Stars,12,89,1581.4541876570106,103.0,14.0,11.0,1.0
Bounty Hunters,12,110,1556.7584177992333,106.0,14.0,11.0,1.0
Isurus,12,80,1593.6742430405764,111.0,13.0,11.0,1.0
Galorys,12,78,1594.758972034319,120.0,12.0,12.0,0.0
Yawara,12,116,1554.140266966471,141.0,10.0,12.0,0.0
UNO MILLE,12,177,1525.7627041074345,151.0,9.0,13.0,-1.0
paiN Academy,12,1145,1440.7703729960913,184.0,6.0,15.0,-3.0
Procyon,12,1213,1374.2987382364022,192.0,5.0,15.0,-3.0
Fake do Biru,12,170,1528.0778138663889,,0.0,,
MIBR Academy,12,1114,1452.0050231775997,,0.0,,
GameHunters,12,1150,1439.2539740649436,,0.0,,
Crashers,12,1207,1391.8421091357432,,0.0,,
ODDIK,13,54,1628.5070453720898,117.0,13.0,12.0,1.0
Patins da Ferrari,13,141,1541.3376574376944,129.0,11.0,12.0,1.0
Sharks,13,44,1651.026945081987,,0.0,,
Spirit Academy,14,136,1545.0635437909282,107.0,14.0,11.0,3.0
Zero Tenacity,14,75,1598.1231038725628,,0.0,,
THUNDER dOWNUNDER,15,25,1675.9405396918091,73.0,22.0,8.0,7.0
Ground Zero,15,57,1625.49401904885,78.0,20.0,9.0,6.0
Mindfreak,15,235,1515.564003785876,113.0,13.0,11.0,4.0
Abyssal,15,139,1542.993336696764,150.0,9.0,12.0,3.0
Arcade,15,1157,1436.0318213573248,156.0,9.0,14.0,1.0
Rooster,15,150,1537.6515031120873,158.0,8.0,15.0,0.0
DXA,15,1209,1388.921905634227,203.0,3.0,16.0,-1.0
SemperFi,15,71,1600.9137438146872,,0.0,,
Bad News Kangaroos,15,145,1538.7093030377025,,0.0,,
The Art of War,15,495,1493.2973717110408,,0.0,,
Animus Victoria,15,872,1479.5886709304582,,0.0,,
KZG,15,1012,1469.1383302228132,,0.0,,
Skele,15,1116,1451.657736361084,,0.0,,
FURY,15,1166,1428.154774954899,,0.0,,
Vantage,15,1181,1420.369803347308,,0.0,,
regain,16,97,1571.8146577251446,96.0,16.0,11.0,5.0
InControl,16,497,1492.8900430400029,,0.0,,
Zomblers,16,1141,1441.875576764169,,0.0,,
Kaleido,17,396,1505.728804996282,191.0,5.0,15.0,2.0
FengDa,17,584,1489.3589005454742,,0.0,,
MIBR fe,18,204,1520.78575588911,168.0,8.0,15.0,3.0
Atrix,18,1184,1416.6827708212984,211.0,2.0,18.0,0.0
Fluxo Demons,18,121,1552.2643128265538,,0.0,,
FURIA fe,18,1020,1468.001777131899,,0.0,,
Shimmer,19,1171,1422.9597015326733,202.0,3.0,15.0,4.0
Lotus fe,19,1118,1451.1491912884785,,0.0,,
FlyQuest RED,19,1147,1439.9070901301493,,0.0,,
