team,cluster,rank,strength,hltv_points,cluster_size,average_rank,median_rank,average_strength,median_strength,average_hltv_points
Spirit,1.0,1,1878.12070818945,731.0,15.0,29.733333333333334,13.0,1713.495741826117,1716.313069613408,401.6666666666667
Falcons,1.0,2,1829.270927997146,812.0,15.0,29.733333333333334,13.0,1713.495741826117,1716.313069613408,401.6666666666667
Vitality,1.0,3,1827.7258930761996,668.0,15.0,29.733333333333334,13.0,1713.495741826117,1716.313069613408,401.6666666666667
MOUZ,1.0,5,1769.0768803401727,568.0,15.0,29.733333333333334,13.0,1713.495741826117,1716.313069613408,401.6666666666667
FURIA,1.0,6,1766.3325304701589,669.0,15.0,29.733333333333334,13.0,1713.495741826117,1716.313069613408,401.6666666666667
Natus Vincere,1.0,8,1746.5534570330556,493.0,15.0,29.733333333333334,13.0,1713.495741826117,1716.313069613408,401.6666666666667
G2,1.0,10,1730.170410648389,310.0,15.0,29.733333333333334,13.0,1713.495741826117,1716.313069613408,401.6666666666667
Aurora,1.0,13,1716.313069613408,357.0,15.0,29.733333333333334,13.0,1713.495741826117,1716.313069613408,401.6666666666667
100 Thieves,1.0,22,1682.4420724096733,95.0,15.0,29.733333333333334,13.0,1713.495741826117,1716.313069613408,401.6666666666667
The MongolZ,1.0,23,1681.0336048052138,276.0,15.0,29.733333333333334,13.0,1713.495741826117,1716.313069613408,401.6666666666667
FaZe,1.0,28,1672.8628485618008,362.0,15.0,29.733333333333334,13.0,1713.495741826117,1716.313069613408,401.6666666666667
B8,1.0,36,1654.3543639529853,209.0,15.0,29.733333333333334,13.0,1713.495741826117,1716.313069613408,401.6666666666667
Liquid,1.0,66,1609.9052479419158,154.0,15.0,29.733333333333334,13.0,1713.495741826117,1716.313069613408,401.6666666666667
paiN,1.0,72,1600.6811748667694,175.0,15.0,29.733333333333334,13.0,1713.495741826117,1716.313069613408,401.6666666666667
3DMAX,1.0,151,1537.592937485416,146.0,15.0,29.733333333333334,13.0,1713.495741826117,1716.313069613408,401.6666666666667
FUT,2.0,4,1770.2163931403547,256.0,8.0,144.5,43.0,1646.6050141042117,1645.0792664049236,147.625
Legacy,2.0,9,1742.4888102009531,278.0,8.0,144.5,43.0,1646.6050141042117,1645.0792664049236,147.625
MIBR,2.0,20,1692.38028485306,140.0,8.0,144.5,43.0,1646.6050141042117,1645.0792664049236,147.625
Astralis,2.0,33,1659.8337378957483,305.0,8.0,144.5,43.0,1646.6050141042117,1645.0792664049236,147.625
Virtus.pro,2.0,53,1630.324794914099,46.0,8.0,144.5,43.0,1646.6050141042117,1645.0792664049236,147.625
GamerLegion,2.0,59,1622.1465889094538,125.0,8.0,144.5,43.0,1646.6050141042117,1645.0792664049236,147.625
RED Canids,2.0,94,1576.4775698951555,0.0,8.0,144.5,43.0,1646.6050141042117,1645.0792664049236,147.625
SAW,2.0,884,1478.9719330248672,31.0,8.0,144.5,43.0,1646.6050141042117,1645.0792664049236,147.625
9z,3.0,7,1747.3062900514851,349.0,4.0,61.5,49.0,1642.044484485814,1639.7669952270385,93.25
Sharks,3.0,44,1651.026945081987,0.0,4.0,61.5,49.0,1642.044484485814,1639.7669952270385,93.25
ODDIK,3.0,54,1628.5070453720898,13.0,4.0,61.5,49.0,1642.044484485814,1639.7669952270385,93.25
Patins da Ferrari,3.0,141,1541.3376574376944,11.0,4.0,61.5,49.0,1642.044484485814,1639.7669952270385,93.25
BetBoom,4.0,11,1721.2632332777318,243.0,13.0,96.76923076923076,62.0,1609.6338609366928,1614.9520073818546,67.6923076923077
magic,4.0,17,1699.6806369624917,152.0,13.0,96.76923076923076,62.0,1609.6338609366928,1614.9520073818546,67.6923076923077
HOTU,4.0,26,1675.4792671501789,101.0,13.0,96.76923076923076,62.0,1609.6338609366928,1614.9520073818546,67.6923076923077
Iberian Soul,4.0,34,1656.8159545618244,48.0,13.0,96.76923076923076,62.0,1609.6338609366928,1614.9520073818546,67.6923076923077
Monte,4.0,56,1626.3384425135828,0.0,13.0,96.76923076923076,62.0,1609.6338609366928,1614.9520073818546,67.6923076923077
HEROIC,4.0,58,1624.395013635111,103.0,13.0,96.76923076923076,62.0,1609.6338609366928,1614.9520073818546,67.6923076923077
Ninjas in Pyjamas,4.0,62,1614.9520073818546,128.0,13.0,96.76923076923076,62.0,1609.6338609366928,1614.9520073818546,67.6923076923077
Gentle Mates,4.0,70,1602.210540185858,0.0,13.0,96.76923076923076,62.0,1609.6338609366928,1614.9520073818546,67.6923076923077
SINNERS,4.0,90,1581.1070934884442,48.0,13.0,96.76923076923076,62.0,1609.6338609366928,1614.9520073818546,67.6923076923077
ENCE,4.0,117,1554.0370400470058,11.0,13.0,96.76923076923076,62.0,1609.6338609366928,1614.9520073818546,67.6923076923077
9INE,4.0,155,1533.233078383505,33.0,13.0,96.76923076923076,62.0,1609.6338609366928,1614.9520073818546,67.6923076923077
NAVI Junior,4.0,156,1532.7734182281342,13.0,13.0,96.76923076923076,62.0,1609.6338609366928,1614.9520073818546,67.6923076923077
ECSTATIC,4.0,406,1502.9544663612844,0.0,13.0,96.76923076923076,62.0,1609.6338609366928,1614.9520073818546,67.6923076923077
Alliance,5.0,14,1715.8864991153564,115.0,6.0,77.33333333333333,80.5,1606.5078152841843,1590.7364219496326,48.333333333333336
EYEBALLERS,5.0,51,1636.1883669237743,75.0,6.0,77.33333333333333,80.5,1606.5078152841843,1590.7364219496326,48.333333333333336
Metizport,5.0,68,1604.9736307652106,18.0,6.0,77.33333333333333,80.5,1606.5078152841843,1590.7364219496326,48.333333333333336
OG,5.0,93,1576.4992131340546,27.0,6.0,77.33333333333333,80.5,1606.5078152841843,1590.7364219496326,48.333333333333336
Johnny Speeds,5.0,108,1557.6418760287606,0.0,6.0,77.33333333333333,80.5,1606.5078152841843,1590.7364219496326,48.333333333333336
BC.Game,5.0,130,1547.8573057379494,55.0,6.0,77.33333333333333,80.5,1606.5078152841843,1590.7364219496326,48.333333333333336
Nemesis,6.0,18,1697.310431159745,78.0,4.0,24.25,24.0,1682.9574803217251,1684.579697186149,47.75
Nuclear TigeRES,6.0,19,1696.4211694025523,32.0,4.0,24.25,24.0,1682.9574803217251,1684.579697186149,47.75
Nemiga,6.0,29,1672.7382249697453,24.0,4.0,24.25,24.0,1682.9574803217251,1684.579697186149,47.75
1win,6.0,31,1665.360095754858,57.0,4.0,24.25,24.0,1682.9574803217251,1684.579697186149,47.75
Lynn Vision,7.0,39,1653.8232371098454,86.0,11.0,378.09090909090907,91.0,1555.3217359889763,1578.545017541961,33.90909090909091
TYLOO,7.0,47,1643.7006824791729,117.0,11.0,378.09090909090907,91.0,1555.3217359889763,1578.545017541961,33.90909090909091
JiJieHao,7.0,48,1639.822390577609,88.0,11.0,378.09090909090907,91.0,1555.3217359889763,1578.545017541961,33.90909090909091
FlyQuest,7.0,55,1627.4272801353404,46.0,11.0,378.09090909090907,91.0,1555.3217359889763,1578.545017541961,33.90909090909091
NEXVOID,7.0,82,1589.3125663728897,10.0,11.0,378.09090909090907,91.0,1555.3217359889763,1578.545017541961,33.90909090909091
5star,7.0,91,1578.545017541961,9.0,11.0,378.09090909090907,91.0,1555.3217359889763,1578.545017541961,33.90909090909091
The Huns,7.0,124,1550.4996128512016,15.0,11.0,378.09090909090907,91.0,1555.3217359889763,1578.545017541961,33.90909090909091
Chinggis Warriors,7.0,220,1517.8996912525483,2.0,11.0,378.09090909090907,91.0,1555.3217359889763,1578.545017541961,33.90909090909091
Rare Atom,7.0,1135,1444.151786146121,0.0,11.0,378.09090909090907,91.0,1555.3217359889763,1578.545017541961,33.90909090909091
Change The Game,7.0,1143,1441.6368797032287,0.0,11.0,378.09090909090907,91.0,1555.3217359889763,1578.545017541961,33.90909090909091
NomadS,7.0,1175,1421.7199517088218,0.0,11.0,378.09090909090907,91.0,1555.3217359889763,1578.545017541961,33.90909090909091
Sashi,8.0,38,1653.9970178115238,58.0,3.0,546.0,385.0,1510.4854388946248,1507.815709476853,26.0
G2 Ares,8.0,385,1507.815709476853,20.0,3.0,546.0,385.0,1510.4854388946248,1507.815709476853,26.0
MASONIC,8.0,1215,1369.643589395498,0.0,3.0,546.0,385.0,1510.4854388946248,1507.815709476853,26.0
K27,9.0,41,1652.9711668722243,84.0,6.0,469.1666666666667,256.5,1536.3923729045437,1534.090617921571,21.666666666666668
WW,9.0,76,1597.5310891791582,22.0,6.0,469.1666666666667,256.5,1536.3923729045437,1534.090617921571,21.666666666666668
ARCRED,9.0,104,1565.4385742996803,12.0,6.0,469.1666666666667,256.5,1536.3923729045437,1534.090617921571,21.666666666666668
CPH Wolves,9.0,409,1502.7426615434615,0.0,6.0,469.1666666666667,256.5,1536.3923729045437,1534.090617921571,21.666666666666668
Oxuji,9.0,1024,1467.2320907661772,0.0,6.0,469.1666666666667,256.5,1536.3923729045437,1534.090617921571,21.666666666666668
Partizan,9.0,1161,1432.438654766561,12.0,6.0,469.1666666666667,256.5,1536.3923729045437,1534.090617921571,21.666666666666668
GenOne,10.0,32,1660.7597758402346,42.0,10.0,432.3,190.5,1520.2992470388217,1524.2375757019254,16.6
SPARTA,10.0,98,1569.7355410155612,17.0,10.0,432.3,190.5,1520.2992470388217,1524.2375757019254,16.6
DEPO,10.0,132,1546.969299563713,17.0,10.0,432.3,190.5,1520.2992470388217,1524.2375757019254,16.6
Rune Eaters,10.0,146,1538.657498742917,18.0,10.0,432.3,190.5,1520.2992470388217,1524.2375757019254,16.6
Leo,10.0,166,1529.0420065766175,12.0,10.0,432.3,190.5,1520.2992470388217,1524.2375757019254,16.6
NOVAQ,10.0,215,1519.4331448272333,18.0,10.0,432.3,190.5,1520.2992470388217,1524.2375757019254,16.6
Omega,10.0,251,1512.65237026247,20.0,10.0,432.3,190.5,1520.2992470388217,1524.2375757019254,16.6
Lazer Cats,10.0,984,1471.8273246852875,10.0,10.0,432.3,190.5,1520.2992470388217,1524.2375757019254,16.6
MOUZ NXT,10.0,1099,1454.5282746041505,12.0,10.0,432.3,190.5,1520.2992470388217,1524.2375757019254,16.6
ALLINNERS,10.0,1200,1399.3872342700308,0.0,10.0,432.3,190.5,1520.2992470388217,1524.2375757019254,16.6
INTZ,11.0,148,1537.9261259984692,0.0,5.0,788.8,1021.0,1476.8492678213577,1467.6555035548474,16.2
eUnited,11.0,496,1493.1534872319623,0.0,5.0,788.8,1021.0,1476.8492678213577,1467.6555035548474,16.2
Envy,11.0,1021,1467.6555035548474,0.0,5.0,788.8,1021.0,1476.8492678213577,1467.6555035548474,16.2
Complexity,11.0,1127,1446.6779120967972,0.0,5.0,788.8,1021.0,1476.8492678213577,1467.6555035548474,16.2
Luminosity,11.0,1152,1438.8333102247122,81.0,5.0,788.8,1021.0,1476.8492678213577,1467.6555035548474,16.2
Voca,12.0,24,1677.7169572327784,21.0,16.0,312.125,113.0,1555.3192474521888,1558.4821251009616,16.125
NRG,12.0,35,1655.499688433168,53.0,16.0,312.125,113.0,1555.3192474521888,1558.4821251009616,16.125
M80,12.0,46,1646.6994107512587,75.0,16.0,312.125,113.0,1555.3192474521888,1558.4821251009616,16.125
Wildcard,12.0,52,1635.0497135784449,54.0,16.0,312.125,113.0,1555.3192474521888,1558.4821251009616,16.125
Marsborne,12.0,60,1617.3558968721884,14.0,16.0,312.125,113.0,1555.3192474521888,1558.4821251009616,16.125
SportsBetExpert,12.0,86,1583.0675050915988,19.0,16.0,312.125,113.0,1555.3192474521888,1558.4821251009616,16.125
Getting Info,12.0,99,1569.709164634625,0.0,16.0,312.125,113.0,1555.3192474521888,1558.4821251009616,16.125
Chicken Coop,12.0,103,1566.2616347210933,5.0,16.0,312.125,113.0,1555.3192474521888,1558.4821251009616,16.125
BLUEJAYS,12.0,123,1550.70261548083,0.0,16.0,312.125,113.0,1555.3192474521888,1558.4821251009616,16.125
Fisher College,12.0,131,1547.6762714715317,1.0,16.0,312.125,113.0,1555.3192474521888,1558.4821251009616,16.125
LAG,12.0,194,1522.7077955735842,13.0,16.0,312.125,113.0,1555.3192474521888,1558.4821251009616,16.125
Rave,12.0,225,1517.1314331660806,0.0,16.0,312.125,113.0,1555.3192474521888,1558.4821251009616,16.125
BOSS,12.0,402,1503.9431270605987,0.0,16.0,312.125,113.0,1555.3192474521888,1558.4821251009616,16.125
EMPIRE,12.0,1040,1465.846534830422,0.0,16.0,312.125,113.0,1555.3192474521888,1558.4821251009616,16.125
Aether,12.0,1178,1421.3405226987772,0.0,16.0,312.125,113.0,1555.3192474521888,1558.4821251009616,16.125
Wanted Goons,12.0,1196,1404.3996876380434,3.0,16.0,312.125,113.0,1555.3192474521888,1558.4821251009616,16.125
Imperial,13.0,15,1715.4338789766566,37.0,17.0,402.3529411764706,110.0,1548.7389695405811,1556.7584177992333,13.294117647058824
BESTIA,13.0,30,1669.824377197418,29.0,17.0,402.3529411764706,110.0,1548.7389695405811,1556.7584177992333,13.294117647058824
LP,13.0,37,1654.010266203263,20.0,17.0,402.3529411764706,110.0,1548.7389695405811,1556.7584177992333,13.294117647058824
ShindeN,13.0,40,1653.6452124875063,22.0,17.0,402.3529411764706,110.0,1548.7389695405811,1556.7584177992333,13.294117647058824
Fluxo,13.0,69,1602.8519242428213,35.0,17.0,402.3529411764706,110.0,1548.7389695405811,1556.7584177992333,13.294117647058824
Galorys,13.0,78,1594.758972034319,12.0,17.0,402.3529411764706,110.0,1548.7389695405811,1556.7584177992333,13.294117647058824
Isurus,13.0,80,1593.6742430405764,13.0,17.0,402.3529411764706,110.0,1548.7389695405811,1556.7584177992333,13.294117647058824
Keyd Stars,13.0,89,1581.4541876570106,14.0,17.0,402.3529411764706,110.0,1548.7389695405811,1556.7584177992333,13.294117647058824
Bounty Hunters,13.0,110,1556.7584177992333,14.0,17.0,402.3529411764706,110.0,1548.7389695405811,1556.7584177992333,13.294117647058824
Yawara,13.0,116,1554.140266966471,10.0,17.0,402.3529411764706,110.0,1548.7389695405811,1556.7584177992333,13.294117647058824
Fake do Biru,13.0,170,1528.0778138663889,0.0,17.0,402.3529411764706,110.0,1548.7389695405811,1556.7584177992333,13.294117647058824
UNO MILLE,13.0,177,1525.7627041074345,9.0,17.0,402.3529411764706,110.0,1548.7389695405811,1556.7584177992333,13.294117647058824
MIBR Academy,13.0,1114,1452.0050231775997,0.0,17.0,402.3529411764706,110.0,1548.7389695405811,1556.7584177992333,13.294117647058824
paiN Academy,13.0,1145,1440.7703729960913,6.0,17.0,402.3529411764706,110.0,1548.7389695405811,1556.7584177992333,13.294117647058824
GameHunters,13.0,1150,1439.2539740649436,0.0,17.0,402.3529411764706,110.0,1548.7389695405811,1556.7584177992333,13.294117647058824
Crashers,13.0,1207,1391.8421091357432,0.0,17.0,402.3529411764706,110.0,1548.7389695405811,1556.7584177992333,13.294117647058824
Procyon,13.0,1213,1374.2987382364022,5.0,17.0,402.3529411764706,110.0,1548.7389695405811,1556.7584177992333,13.294117647058824
Zero Tenacity,14.0,75,1598.1231038725628,0.0,2.0,105.5,105.5,1571.5933238317457,1571.5933238317457,7.0
Spirit Academy,14.0,136,1545.0635437909282,14.0,2.0,105.5,105.5,1571.5933238317457,1571.5933238317457,7.0
THUNDER dOWNUNDER,15.0,25,1675.9405396918091,22.0,15.0,602.0,495.0,1506.9617909137955,1493.2973717110408,5.6
Ground Zero,15.0,57,1625.49401904885,20.0,15.0,602.0,495.0,1506.9617909137955,1493.2973717110408,5.6
SemperFi,15.0,71,1600.9137438146872,0.0,15.0,602.0,495.0,1506.9617909137955,1493.2973717110408,5.6
Abyssal,15.0,139,1542.993336696764,9.0,15.0,602.0,495.0,1506.9617909137955,1493.2973717110408,5.6
Bad News Kangaroos,15.0,145,1538.7093030377025,0.0,15.0,602.0,495.0,1506.9617909137955,1493.2973717110408,5.6
Rooster,15.0,150,1537.6515031120873,8.0,15.0,602.0,495.0,1506.9617909137955,1493.2973717110408,5.6
Mindfreak,15.0,235,1515.564003785876,13.0,15.0,602.0,495.0,1506.9617909137955,1493.2973717110408,5.6
The Art of War,15.0,495,1493.2973717110408,0.0,15.0,602.0,495.0,1506.9617909137955,1493.2973717110408,5.6
Animus Victoria,15.0,872,1479.5886709304582,0.0,15.0,602.0,495.0,1506.9617909137955,1493.2973717110408,5.6
KZG,15.0,1012,1469.1383302228132,0.0,15.0,602.0,495.0,1506.9617909137955,1493.2973717110408,5.6
Skele,15.0,1116,1451.657736361084,0.0,15.0,602.0,495.0,1506.9617909137955,1493.2973717110408,5.6
Arcade,15.0,1157,1436.0318213573248,9.0,15.0,602.0,495.0,1506.9617909137955,1493.2973717110408,5.6
FURY,15.0,1166,1428.154774954899,0.0,15.0,602.0,495.0,1506.9617909137955,1493.2973717110408,5.6
Vantage,15.0,1181,1420.369803347308,0.0,15.0,602.0,495.0,1506.9617909137955,1493.2973717110408,5.6
DXA,15.0,1209,1388.921905634227,3.0,15.0,602.0,495.0,1506.9617909137955,1493.2973717110408,5.6
regain,16.0,97,1571.8146577251446,16.0,3.0,578.3333333333334,497.0,1502.1934258431054,1492.8900430400029,5.333333333333333
InControl,16.0,497,1492.8900430400029,0.0,3.0,578.3333333333334,497.0,1502.1934258431054,1492.8900430400029,5.333333333333333
Zomblers,16.0,1141,1441.875576764169,0.0,3.0,578.3333333333334,497.0,1502.1934258431054,1492.8900430400029,5.333333333333333
Kaleido,17.0,396,1505.728804996282,5.0,2.0,490.0,490.0,1497.543852770878,1497.543852770878,2.5
FengDa,17.0,584,1489.3589005454742,0.0,2.0,490.0,490.0,1497.543852770878,1497.543852770878,2.5
Fluxo Demons,18.0,121,1552.2643128265538,0.0,4.0,632.25,612.0,1489.4336541672153,1494.3937665105043,2.5
MIBR fe,18.0,204,1520.78575588911,8.0,4.0,632.25,612.0,1489.4336541672153,1494.3937665105043,2.5
FURIA fe,18.0,1020,1468.001777131899,0.0,4.0,632.25,612.0,1489.4336541672153,1494.3937665105043,2.5
Atrix,18.0,1184,1416.6827708212984,2.0,4.0,632.25,612.0,1489.4336541672153,1494.3937665105043,2.5
Lotus fe,19.0,1118,1451.1491912884785,0.0,3.0,1145.3333333333333,1147.0,1438.005327650434,1439.9070901301493,1.0
FlyQuest RED,19.0,1147,1439.9070901301493,0.0,3.0,1145.3333333333333,1147.0,1438.005327650434,1439.9070901301493,1.0
Shimmer,19.0,1171,1422.9597015326733,3.0,3.0,1145.3333333333333,1147.0,1438.005327650434,1439.9070901301493,1.0
BIG,,12,1720.390411399902,163.0,,,,,,
TDK,,16,1710.884628035829,0.0,,,,,,
Inner Circle,,21,1689.4048314241809,113.0,,,,,,
fnatic,,27,1675.095989585014,78.0,,,,,,
CYBERSHOKE,,42,1652.9515319094353,18.0,,,,,,
PARIVISION,,43,1652.1306147179534,239.0,,,,,,
INOX Division,,45,1649.5778855962978,20.0,,,,,,
Butterfly,,49,1639.5898540936669,23.0,,,,,,
ex-RUBY,,50,1638.1193729236734,21.0,,,,,,
Acend,,61,1615.2798185542142,76.0,,,,,,
CYBERSHOKE Prospects,,63,1614.3736130702991,21.0,,,,,,
Oramond,,64,1613.5465049701895,0.0,,,,,,
Phantom,,65,1610.7381219004374,38.0,,,,,,
Eternal Fire,,67,1609.0502361493418,22.0,,,,,,
Betclic,,73,1600.329376921236,70.0,,,,,,
FOKUS,,74,1599.0116516728226,56.0,,,,,,
Echo,,77,1595.4877216437917,64.0,,,,,,
ex-RUSTEC,,79,1593.9792620827377,0.0,,,,,,
Walczaki,,81,1593.4378940932431,20.0,,,,,,
QWENTRY,,83,1585.361799646908,0.0,,,,,,
Jam,,84,1585.2574006133486,0.0,,,,,,
WBT,,85,1584.8856766802078,13.0,,,,,,
mellren,,87,1581.7176878283374,10.0,,,,,,
Ursa,,88,1581.498681566181,0.0,,,,,,
ex-Zero Tenacity,,92,1576.697949793946,2.0,,,,,,
INFINITE,,95,1575.962185543918,36.0,,,,,,
Bushido Wildcats,,96,1572.4464605017372,19.0,,,,,,
ESC,,100,1568.1508717630077,0.0,,,,,,
QUAZAR,,101,1568.083007075281,16.0,,,,,,
Tricked,,102,1567.1793428816954,0.0,,,,,,
ALKA,,105,1560.383256167754,13.0,,,,,,
Just Players,,106,1558.3322786185638,16.0,,,,,,
Young Ninjas,,107,1558.1974010031497,0.0,,,,,,
Sangal,,109,1557.0730978926963,14.0,,,,,,
benched gods,,111,1556.4447486250654,9.0,,,,,,
BRUTE,,112,1556.3595666390831,26.0,,,,,,
Enjoy,,113,1556.159159846263,15.0,,,,,,
BASEMENT BOYS,,114,1555.9115182801434,18.0,,,,,,
WHITEBIRD,,115,1554.8830247422488,0.0,,,,,,
Color,,118,1553.4601365360422,0.0,,,,,,
UNiTY,,119,1552.6309502630736,13.0,,,,,,
Turma do Pagode,,120,1552.556636088451,0.0,,,,,,
TNT,,122,1552.1525402583825,0.0,,,,,,
EAC,,125,1550.4905487682267,36.0,,,,,,
HYPERSPIRIT,,126,1550.1479010840012,12.0,,,,,,
33,,127,1549.6994300364745,0.0,,,,,,
Wildcard Academy,,128,1549.3707130137093,0.0,,,,,,
WOPA,,129,1548.9482489916456,0.0,,,,,,
BIG Academy,,133,1546.828364547602,11.0,,,,,,
Raccoons,,134,1546.6296639394602,0.0,,,,,,
Insilio,,135,1546.239223581856,0.0,,,,,,
AM,,137,1544.825269525949,0.0,,,,,,
Nouns,,138,1544.6779709662396,0.0,,,,,,
Into the Breach,,140,1541.7340846003185,0.0,,,,,,
Revise,,142,1541.159151783727,0.0,,,,,,
OLDBOYS PL,,143,1540.2124657731647,0.0,,,,,,
Black Phoenix,,144,1539.1305232901743,16.0,,,,,,
STATE,,147,1538.3767132761184,7.0,,,,,,
ASTRAL,,149,1537.894046987743,29.0,,,,,,
Solid,,152,1537.31810173491,0.0,,,,,,
KOLESIE,,153,1537.2918711398124,0.0,,,,,,
Back to Back,,154,1536.8310978184456,0.0,,,,,,
Renegades,,157,1532.735235092836,0.0,,,,,,
Fire Flux,,158,1532.6372109868291,8.0,,,,,,
BET-M,,159,1532.1484825988146,11.0,,,,,,
Flamengo,,160,1531.7896683397887,0.0,,,,,,
Take Flyte,,161,1531.0540210122065,0.0,,,,,,
sunday school,,162,1530.4443909457707,0.0,,,,,,
JOGA DE TERNO,,163,1530.2067972936245,0.0,,,,,,
9 Pandas,,164,1529.7638123355086,0.0,,,,,,
Looking4Org,,165,1529.1471476967638,0.0,,,,,,
DENDELE,,167,1528.8684631324911,100.0,,,,,,
QMISTRY,,168,1528.6481511278096,0.0,,,,,,
ATK,,169,1528.088703772928,0.0,,,,,,
ex-GANK,,171,1528.032506747458,0.0,,,,,,
TNC,,172,1528.0270549390868,0.0,,,,,,
Vikings KR,,173,1527.5792767855207,0.0,,,,,,
LFO 4,,174,1527.5367748601254,0.0,,,,,,
Party Astronauts,,175,1527.4145861390484,0.0,,,,,,
BORRACHEIROS,,176,1527.1175981343483,7.0,,,,,,
Olympus,,178,1525.492116235315,0.0,,,,,,
Astralis Talent,,179,1525.345537515373,0.0,,,,,,
EC Brugge,,180,1524.9366280216757,0.0,,,,,,
mix52,,181,1524.7354375767466,0.0,,,,,,
GUN5,,182,1524.5717802216238,0.0,,,,,,
passions,,183,1524.471851840966,0.0,,,,,,
ACROBATS,,184,1523.8736690829385,0.0,,,,,,
eLITenergy,,185,1523.84879776225,0.0,,,,,,
Lazarus,,186,1523.844841181292,0.0,,,,,,
Kubix,,187,1523.502060503647,0.0,,,,,,
Endpoint,,188,1522.8798983402355,0.0,,,,,,
Northern Lights,,189,1522.862135884891,0.0,,,,,,
Sprout,,190,1522.856312014592,0.0,,,,,,
ThunderFlash,,191,1522.749582343764,0.0,,,,,,
ex-NAVI Junior,,192,1522.7320825497904,0.0,,,,,,
00NATION,,193,1522.7155553538316,0.0,,,,,,
BAKS,,195,1522.7036972874355,22.0,,,,,,
Copenhagen Flames,,196,1522.58246885164,0.0,,,,,,
Infused,,197,1522.37675636008,0.0,,,,,,
Truck Drivers,,198,1522.0939843467083,0.0,,,,,,
ONYX,,199,1522.0717866812884,0.0,,,,,,
MAD Lions,,200,1521.4141746772823,0.0,,,,,,
The Neighbours,,201,1521.26208493709,0.0,,,,,,
Ambush,,202,1521.1978429241583,0.0,,,,,,
ex-Enterprise,,203,1520.9101764108875,0.0,,,,,,
Tropa do Taco,,205,1520.7380637065676,0.0,,,,,,
Davenport University,,206,1520.7084425089442,0.0,,,,,,
Strife,,207,1520.4809439830722,0.0,,,,,,
Vexar,,208,1520.4637118821345,11.0,,,,,,
Impossible,,209,1520.4522485110986,0.0,,,,,,
cowana,,210,1520.3328818522407,0.0,,,,,,
ex-Betera,,211,1520.3117825738416,0.0,,,,,,
Grayhound,,212,1520.1672763183724,0.0,,,,,,
Fingers Crossed,,213,1520.1581068127211,0.0,,,,,,
W7M,,214,1519.744015682695,0.0,,,,,,
Ovoshi,,216,1519.347378100898,0.0,,,,,,
Evil Geniuses,,217,1518.904598139588,0.0,,,,,,
LaChampionsLiga,,218,1518.394021987329,0.0,,,,,,
ReThink,,219,1517.9770966345452,15.0,,,,,,
VELOX,,221,1517.8696030885965,0.0,,,,,,
Jeeves,,222,1517.6365779593148,0.0,,,,,,
Vitalem Aerem,,223,1517.5754146457916,0.0,,,,,,
Preasy Mix,,224,1517.4129742956036,0.0,,,,,,
Swingers,,226,1517.0932102285456,0.0,,,,,,
RUBY,,227,1517.0929959477292,0.0,,,,,,
TNL,,228,1516.828474240593,0.0,,,,,,
500,,229,1516.5501710669223,0.0,,,,,,
Oruga,,230,1516.4286677436858,0.0,,,,,,
OneTap,,231,1516.3884487183493,0.0,,,,,,
Bravado,,232,1515.9648860088696,0.0,,,,,,
Friendly Campers,,233,1515.6076934871674,0.0,,,,,,
Honvéd,,234,1515.6066177332684,12.0,,,,,,
Imperial Academy,,236,1515.3731006455212,0.0,,,,,,
ALGO,,237,1515.020764592677,0.0,,,,,,
SC,,238,1514.997323928431,0.0,,,,,,
Ryvex,,239,1514.5577389169932,0.0,,,,,,
Off Site,,240,1514.4600633070868,0.0,,,,,,
bankaPEPSI,,241,1514.410271144899,0.0,,,,,,
ex-Inner Circle,,242,1513.6305022801405,0.0,,,,,,
2GAME,,243,1513.2470312698874,0.0,,,,,,
LPH,,244,1513.0126418833513,12.0,,,,,,
Marius,,245,1512.9324711595243,0.0,,,,,,
L4S,,246,1512.7966114260048,0.0,,,,,,
VEXA,,247,1512.772925372534,0.0,,,,,,
fish123,,248,1512.6984095889852,0.0,,,,,,
undefined,,249,1512.697956553082,0.0,,,,,,
HYDRA,,250,1512.681166882541,0.0,,,,,,
SinnerS,,252,1512.591117347409,0.0,,,,,,
NAVI Javelins,,253,1512.5798496819789,0.0,,,,,,
ex-Flame Sharks,,254,1512.5761148978893,0.0,,,,,,
Deep Cross,,255,1512.5060527618516,0.0,,,,,,
Rocket,,256,1512.503635334417,0.0,,,,,,
Skinsauna,,257,1512.4431753933272,0.0,,,,,,
CLG Red,,258,1512.3374622307638,0.0,,,,,,
SuperMassive,,259,1512.2455761679184,0.0,,,,,,
Enterprise,,260,1512.2386095058891,0.0,,,,,,
okura,,261,1512.180851843209,0.0,,,,,,
iNation,,262,1512.1121224591654,0.0,,,,,,
shrekas,,263,1512.1007202565268,0.0,,,,,,
Biryani,,264,1512.0094631068891,0.0,,,,,,
PSYCHOACTIVE,,265,1511.948328533527,0.0,,,,,,
Paranoid,,266,1511.8659320116433,0.0,,,,,,
PGE Turow,,267,1511.7928816748529,0.0,,,,,,
The Last Resort,,268,1511.7550085925166,14.0,,,,,,
Websterz,,269,1511.7451659592132,0.0,,,,,,
Apeks,,270,1511.7394924299222,0.0,,,,,,
Hellslayers,,271,1511.704809270626,0.0,,,,,,
Concept Cult,,272,1511.639822482612,0.0,,,,,,
Make Your Mind,,273,1511.61236976933,0.0,,,,,,
ScarX,,274,1511.5945090946109,0.0,,,,,,
ex-UHKA,,275,1511.5909942015896,0.0,,,,,,
Bravos,,276,1511.5886079196712,0.0,,,,,,
K23,,277,1511.5801887796738,0.0,,,,,,
Undone,,278,1511.57986368156,0.0,,,,,,
VERTEX,,279,1511.560978089862,0.0,,,,,,
mixbanan,,280,1511.5609203318038,0.0,,,,,,
X,,281,1511.5496720251044,0.0,,,,,,
ex-TALON,,282,1511.492462730963,0.0,,,,,,
m0nSt3rS,,283,1511.416895088025,0.0,,,,,,
Serbia,,284,1511.4037690916668,0.0,,,,,,
Fantastic Seven,,285,1511.3135929927885,0.0,,,,,,
DBL PONEY,,286,1511.3038100432611,0.0,,,,,,
HellRaisers,,287,1511.3014931171838,0.0,,,,,,
NEVERMORE,,288,1511.2712421762808,0.0,,,,,,
OFFSET,,289,1511.2535574794258,0.0,,,,,,
Run or Die,,290,1511.2450300830762,0.0,,,,,,
GKC,,291,1511.2258629153418,0.0,,,,,,
Electrify Steel,,292,1511.222534559479,0.0,,,,,,
BuzzKill,,293,1511.2123598492217,0.0,,,,,,
zARLANS,,294,1511.2116346926755,0.0,,,,,,
Xiaoma,,295,1511.2006678919947,0.0,,,,,,
Cloud 10,,296,1511.2003452008687,0.0,,,,,,
TRAFFIC Tashkent,,297,1511.200203186947,0.0,,,,,,
TAG,,298,1511.200001528255,0.0,,,,,,
Liberty fe,,299,1511.2000002451528,0.0,,,,,,
BLINK,,300,1511.2000000580836,0.0,,,,,,
Galaxy Racer,,301,1511.2000000541566,0.0,,,,,,
Asterius,,302,1511.2000000003509,0.0,,,,,,
preanus,,303,1511.2000000000012,0.0,,,,,,
PENTA,,304,1511.1482532520138,0.0,,,,,,
The QUBE,,305,1510.975935769398,0.0,,,,,,
Vendetta,,306,1510.9650675587466,0.0,,,,,,
Delta,,307,1510.9478694682057,0.0,,,,,,
Snakes Den,,308,1510.9364648432816,0.0,,,,,,
TBO,,309,1510.9321597358223,0.0,,,,,,
Paquetá,,310,1510.89698039117,0.0,,,,,,
ENDGAME,,311,1510.884738071318,0.0,,,,,,
Badass,,312,1510.877843999252,0.0,,,,,,
KG Network,,313,1510.8640846741498,0.0,,,,,,
Theboyz,,314,1510.8568661865274,0.0,,,,,,
BLVKHVND,,315,1510.8510295913782,0.0,,,,,,
POLET,,316,1510.8390811128534,0.0,,,,,,
4glory,,317,1510.8390797410116,0.0,,,,,,
FPL-CTalents,,318,1510.8390796682204,0.0,,,,,,
XPERION NXT,,319,1510.7401911791544,0.0,,,,,,
One For All,,320,1510.6812384133798,0.0,,,,,,
900FPSvsECO,,321,1510.635795914562,0.0,,,,,,
StoichkovPeek,,322,1510.6340376727492,0.0,,,,,,
Young Gods,,323,1510.5463731297982,0.0,,,,,,
moneytrees,,324,1510.5221398059637,0.0,,,,,,
DomiNation,,325,1510.5020948841811,0.0,,,,,,
FAMBIT,,326,1510.5020265342307,0.0,,,,,,
Lewandownskie,,327,1510.494251287569,0.0,,,,,,
Stirlzs Angels,,328,1510.490561945281,0.0,,,,,,
Forward,,329,1510.4905017799138,0.0,,,,,,
INDE IRAE,,330,1510.4904954797778,0.0,,,,,,
Vexilla,,331,1510.4901338852296,0.0,,,,,,
Rolling Stone,,332,1510.376472090332,0.0,,,,,,
Furious,,333,1510.3054165041935,0.0,,,,,,
FUSION,,334,1510.2330534789442,0.0,,,,,,
ProCamp,,335,1510.232993030301,0.0,,,,,,
Unique,,336,1510.2033324144836,0.0,,,,,,
The Prodigies,,337,1510.1741683896405,0.0,,,,,,
Alter Iron,,338,1510.166620582024,0.0,,,,,,
RAPTORS EC,,339,1510.1661199839668,0.0,,,,,,
Kappa Bar,,340,1510.1272513851322,0.0,,,,,,
sYnck,,341,1510.0478485221347,0.0,,,,,,
América,,342,1509.9982247038597,0.0,,,,,,
FLuffy Gangsters,,343,1509.9700789420626,0.0,,,,,,
Spartak,,344,1509.96659102154,0.0,,,,,,
ROSY,,345,1509.9531850482042,0.0,,,,,,
DMS,,346,1509.9447023926346,0.0,,,,,,
Tranquillum,,347,1509.8942505351556,0.0,,,,,,
Born in Mongolia,,348,1509.8779645309228,0.0,,,,,,
EXO,,349,1509.8428084852433,0.0,,,,,,
UHKA,,350,1509.8322603989436,0.0,,,,,,
RUSTEC,,351,1509.8223328146837,0.0,,,,,,
Basement Bobs,,352,1509.8064632542903,0.0,,,,,,
Binary Dragons,,353,1509.7699353115015,0.0,,,,,,
NYX,,354,1509.6128510585934,0.0,,,,,,
GET BDOG'D,,355,1509.5320885445915,0.0,,,,,,
Reason,,356,1509.5207158284911,0.0,,,,,,
Kintsugi,,357,1509.447979425503,0.0,,,,,,
The Fundamentals,,358,1509.4389688609342,0.0,,,,,,
2070,,359,1509.3862752772106,0.0,,,,,,
RBLS,,360,1509.2880095301225,0.0,,,,,,
Arrival Seven,,361,1509.2835491829849,0.0,,,,,,
NXT,,362,1509.273616129165,0.0,,,,,,
EG White,,363,1509.2613280467606,0.0,,,,,,
Chetz,,364,1509.2336022235156,0.0,,,,,,
LEON,,365,1509.1374651114063,0.0,,,,,,
Endless Journey,,366,1509.0798994036672,7.0,,,,,,
Rogue,,367,1509.0412919578614,0.0,,,,,,
Nigma Galaxy,,368,1509.0122978785148,0.0,,,,,,
Exalty,,369,1508.9792729965238,0.0,,,,,,
caffeine marauders,,370,1508.9731211301082,0.0,,,,,,
Let's go golfing,,371,1508.9250614614057,0.0,,,,,,
Elevate,,372,1508.922947178141,0.0,,,,,,
iNTACT,,373,1508.868464912297,0.0,,,,,,
FTW,,374,1508.800271348794,0.0,,,,,,
Freaky Saturday,,375,1508.749014087249,0.0,,,,,,
B4 fe,,376,1508.6216132124712,0.0,,,,,,
Astrum,,377,1508.3476940337123,0.0,,,,,,
Spectre,,378,1508.3412300745297,0.0,,,,,,
Imported Talent,,379,1508.183737245204,0.0,,,,,,
Smoke,,380,1508.1426971518242,0.0,,,,,,
The Night Club,,381,1508.067433224301,0.0,,,,,,
4US,,382,1508.019572133884,0.0,,,,,,
Meteor,,383,1507.9635417460197,0.0,,,,,,
DETONATE,,384,1507.9062727190556,0.0,,,,,,
my life be like,,386,1507.6134536828397,0.0,,,,,,
OMiT,,387,1507.395276618256,0.0,,,,,,
TÓR,,388,1507.3212380017146,0.0,,,,,,
Outfit 49,,389,1507.2934509128784,0.0,,,,,,
MAYBE,,390,1507.2684287614377,8.0,,,,,,
straykids,,391,1507.185962590799,0.0,,,,,,
Mercenaires,,392,1506.6743374054486,0.0,,,,,,
Lavked,,393,1506.5999286124163,11.0,,,,,,
NITRO,,394,1506.403261086251,0.0,,,,,,
ex-1win,,395,1506.196032169537,0.0,,,,,,
BEE,,397,1504.929174578105,0.0,,,,,,
EPG Family,,398,1504.867673416463,0.0,,,,,,
RED Canids Academy,,399,1504.4977298011313,0.0,,,,,,
XPC,,400,1504.2798338950618,0.0,,,,,,
Case,,401,1504.260257253699,0.0,,,,,,
NADE,,403,1503.733353647529,0.0,,,,,,
ex-Chicken Coop,,404,1503.614666562281,0.0,,,,,,
rottweilers,,405,1503.4849349266897,0.0,,,,,,
Mavrek,,407,1502.951029606229,0.0,,,,,,
QUINTESSÊNCIA,,408,1502.8040160129865,8.0,,,,,,
SKYFURY,,410,1502.506624157429,0.0,,,,,,
ALTERNATE aTTaX,,411,1502.4715636785893,0.0,,,,,,
Drip Too Hard,,412,1502.1863112540518,0.0,,,,,,
Roler Coaster,,413,1502.0911578877724,0.0,,,,,,
SELVA,,414,1502.0405386725024,0.0,,,,,,
TSM,,415,1501.7077513007905,0.0,,,,,,
GoodGame Club,,416,1501.706208983961,0.0,,,,,,
GameAgents,,417,1501.685594289752,0.0,,,,,,
HEET,,418,1501.672294164994,0.0,,,,,,
FULL SEND,,419,1501.6611384630116,0.0,,,,,,
Legacy Kingdom,,420,1501.620783184166,0.0,,,,,,
ex-Aether,,421,1501.569203958477,0.0,,,,,,
Leça,,422,1501.4957173595203,0.0,,,,,,
ASPYRE,,423,1501.472410936704,0.0,,,,,,
GTZ,,424,1501.456362019512,0.0,,,,,,
Noir Verse,,425,1501.4327413609255,7.0,,,,,,
BUHAWI,,426,1501.41798196459,0.0,,,,,,
yunglean,,427,1501.391051539307,0.0,,,,,,
NIP Impact,,428,1501.3889542034683,0.0,,,,,,
DRILLAS,,429,1501.1994779844329,0.0,,,,,,
EG Gold,,430,1501.1914108113426,0.0,,,,,,
insane players,,431,1501.1428117356909,0.0,,,,,,
inSanitY fe,,432,1501.0366425758336,0.0,,,,,,
Boston crab,,433,1501.0341050015095,0.0,,,,,,
Daaku,,434,1501.0279522685623,0.0,,,,,,
GENKID4M4,,435,1500.951180580652,0.0,,,,,,
Red Wolves,,436,1500.7464858409849,0.0,,,,,,
Victorum,,437,1500.6930313847024,0.0,,,,,,
Karma,,438,1500.581629750635,0.0,,,,,,
MANTRA,,439,1500.5513321636197,0.0,,,,,,
HONORIS,,440,1500.496652917391,0.0,,,,,,
Let us cook,,441,1500.452698711404,0.0,,,,,,
Västerås,,442,1500.4240910124313,0.0,,,,,,
MCS,,443,1500.4145148351863,0.0,,,,,,
Boca Juniors,,444,1500.388639855608,0.0,,,,,,
WildLotus,,445,1500.36247904971,0.0,,,,,,
cirahvi,,446,1500.188158301611,0.0,,,,,,
Magic School Bus,,447,1499.974059943576,0.0,,,,,,
SABRE,,448,1499.7774608442053,0.0,,,,,,
TTC,,449,1499.676191256794,0.0,,,,,,
roamsfiest,,450,1499.6617370307356,0.0,,,,,,
PCIFIC,,451,1499.592465661016,18.0,,,,,,
Moneyball,,452,1499.551438913319,0.0,,,,,,
DEFEATERS,,453,1499.464689067334,0.0,,,,,,
PACT,,454,1499.3618424317426,0.0,,,,,,
Feenix,,455,1499.000022648646,0.0,,,,,,
benched,,456,1498.9048636322143,0.0,,,,,,
DASH,,457,1498.8920991564198,0.0,,,,,,
MIGHT,,458,1498.8832804012177,0.0,,,,,,
KS,,459,1498.710363708096,0.0,,,,,,
Glitchtech UK,,460,1498.6767507485938,0.0,,,,,,
ARCTIC,,461,1498.5919113068594,0.0,,,,,,
Pulse,,462,1498.5342069619785,0.0,,,,,,
Denial,,463,1497.975122212951,0.0,,,,,,
MAKING HISTORY,,464,1497.9019834628768,0.0,,,,,,
Stay Frosty,,465,1497.8823875070516,0.0,,,,,,
Iowa Stormboar,,466,1497.8713033194235,3.0,,,,,,
ex-W7M,,467,1497.653077830562,0.0,,,,,,
ex-FUT Academy,,468,1497.6173561557664,0.0,,,,,,
Spacestation,,469,1497.1701437429183,0.0,,,,,,
The Bardolphs,,470,1496.9959147190216,0.0,,,,,,
Petardka,,471,1496.970179160331,0.0,,,,,,
Wingman,,472,1496.8928831829708,10.0,,,,,,
Memeories,,473,1496.7351817757358,0.0,,,,,,
Gen.G,,474,1496.6650767603255,0.0,,,,,,
Levadia,,475,1496.6047447293483,0.0,,,,,,
Hesta,,476,1496.1103570144242,0.0,,,,,,
Lycus Empire,,477,1495.7761152498783,0.0,,,,,,
The Glecs,,478,1495.6968401789632,0.0,,,,,,
SUPER EVIL GANG,,479,1495.613302640087,0.0,,,,,,
Tsunami,,480,1495.5811186148871,0.0,,,,,,
Prestige,,481,1495.5119977689462,24.0,,,,,,
K28,,482,1495.454316285056,0.0,,,,,,
bond1e,,483,1495.3790162852165,0.0,,,,,,
NSN,,484,1495.37822179577,0.0,,,,,,
Bpro,,485,1495.3169095137696,0.0,,,,,,
Virtual Cottage,,486,1495.0984005644923,0.0,,,,,,
9z Academy,,487,1494.9539457533904,0.0,,,,,,
Black Dragons fe,,488,1494.931118788306,0.0,,,,,,
low cortisol,,489,1494.5376187557174,0.0,,,,,,
Haunted House,,490,1494.4563315216735,0.0,,,,,,
SHISHKA,,491,1494.2575590900092,0.0,,,,,,
RUSH B,,492,1493.6650407484506,0.0,,,,,,
RKON,,493,1493.521652307916,0.0,,,,,,
los kogutos,,494,1493.4004155035452,0.0,,,,,,
Kraken Seas,,498,1492.8604902852046,0.0,,,,,,
West Coast Grinders,,499,1492.8379927489336,0.0,,,,,,
Incognito,,500,1492.8329045738574,0.0,,,,,,
Sampi,,501,1492.5849748827152,0.0,,,,,,
B8 Academy,,502,1492.5640881765933,7.0,,,,,,
modeame,,503,1492.456319947972,0.0,,,,,,
GOOD GAME SPOT,,504,1492.3597148566962,0.0,,,,,,
Dark Knight,,505,1492.2133468692025,0.0,,,,,,
NIO,,506,1492.16244797669,0.0,,,,,,
WINNERS,,507,1491.9385632131432,0.0,,,,,,
z to forward,,508,1491.8054660336088,0.0,,,,,,
cswalkers,,509,1491.7448214504784,0.0,,,,,,
Take Me Away,,510,1491.676318775465,0.0,,,,,,
SKDC,,511,1491.6038149333344,0.0,,,,,,
MAJOR WINNERS,,512,1491.548858536923,0.0,,,,,,
Palace,,513,1491.5311402200884,0.0,,,,,,
lafox,,514,1491.509865269385,0.0,,,,,,
ROCEAN,,515,1491.4862079376485,0.0,,,,,,
Sola,,516,1491.2222259638731,0.0,,,,,,
Mindgamer,,517,1491.0972277571989,0.0,,,,,,
Verstappen peek,,518,1491.093349205479,0.0,,,,,,
Clockwork,,519,1491.0549600923932,0.0,,,,,,
Ducky Momo Squad,,520,1491.049959095252,0.0,,,,,,
EHISTO BASE,,521,1491.002850557051,0.0,,,,,,
FC Dynamo Kyiv,,522,1490.9508324902274,0.0,,,,,,
Foxtrot,,523,1490.9229881412302,0.0,,,,,,
WOLF,,524,1490.797949629787,0.0,,,,,,
Sangrija,,525,1490.7919045741812,0.0,,,,,,
Gluck,,526,1490.7869589318111,0.0,,,,,,
GR,,527,1490.6935891901412,0.0,,,,,,
Unjustified fe,,528,1490.6765815896222,0.0,,,,,,
powerFinesse,,529,1490.515365847604,0.0,,,,,,
Bounty Hunters fe,,530,1490.4977657940854,0.0,,,,,,
No Radar,,531,1490.4499879710795,0.0,,,,,,
Void Sentinels,,532,1490.447289249775,0.0,,,,,,
AaB,,533,1490.3966967828055,0.0,,,,,,
Imp Pact fe,,534,1490.3745727854314,0.0,,,,,,
Sentinels,,535,1490.3634532327428,0.0,,,,,,
ex-CLG Red,,536,1490.3591303825767,0.0,,,,,,
Believe,,537,1490.3487262624851,0.0,,,,,,
WWGGKTA,,538,1490.2956442182829,0.0,,,,,,
Little Bocks,,539,1490.2244642814385,0.0,,,,,,
Wings of Freedom,,540,1490.2229598701483,0.0,,,,,,
O PLANO,,541,1490.1889218594215,0.0,,,,,,
Black Mold,,542,1490.1536851773797,0.0,,,,,,
RB,,543,1490.1168413705434,0.0,,,,,,
BULGARIAPEEK,,544,1490.1080988188576,0.0,,,,,,
REVENIX,,545,1490.0979930788535,0.0,,,,,,
m1x,,546,1490.0391990404894,0.0,,,,,,
Omen,,547,1490.0127097738325,0.0,,,,,,
AGO,,548,1489.979542123731,0.0,,,,,,
Rhyno,,549,1489.9720119451497,0.0,,,,,,
IKLA,,550,1489.962035630865,0.0,,,,,,
Totsugeki,,551,1489.9599321056637,0.0,,,,,,
Infinity,,552,1489.9008141020547,0.0,,,,,,
Brave Bears,,553,1489.8670492697388,0.0,,,,,,
flowstate,,554,1489.8033109104667,0.0,,,,,,
CS-GO.rs,,555,1489.7912690134017,0.0,,,,,,
TUSTE CHOPAKI,,556,1489.7840879596197,0.0,,,,,,
JackBoyz,,557,1489.7806162131674,0.0,,,,,,
Volt,,558,1489.7709489029344,0.0,,,,,,
Bad News Capybaras,,559,1489.7698831417035,0.0,,,,,,
HAFO,,560,1489.763982178886,0.0,,,,,,
wwaves,,561,1489.759256269556,0.0,,,,,,
COVEN,,562,1489.7547742105833,0.0,,,,,,
VODKA,,563,1489.747057703239,0.0,,,,,,
The Gentlemans Kennel,,564,1489.7355266405896,0.0,,,,,,
Hemmaplan,,565,1489.7129503945173,0.0,,,,,,
n00rg,,566,1489.648613116483,0.0,,,,,,
Katuna,,567,1489.6304295907107,0.0,,,,,,
Cherry Bombs,,568,1489.6282504749176,0.0,,,,,,
Starlinks,,569,1489.6147967566526,0.0,,,,,,
GUESS,,570,1489.613734896576,0.0,,,,,,
moneyF,,571,1489.548586964745,0.0,,,,,,
SUPERMATCH,,572,1489.5191148639362,0.0,,,,,,
USA,,573,1489.518254864773,0.0,,,,,,
Deathtrap,,574,1489.5095046043882,0.0,,,,,,
Viperio,,575,1489.4913878449115,0.0,,,,,,
Pixel,,576,1489.45313697298,0.0,,,,,,
11mins,,577,1489.4513523905014,0.0,,,,,,
LT5,,578,1489.4456803590167,0.0,,,,,,
Shanghai Sharks,,579,1489.4190029938993,0.0,,,,,,
descalco na neve,,580,1489.406785124109,0.0,,,,,,
Make Your Destiny,,581,1489.392073795255,0.0,,,,,,
TALON,,582,1489.3701807545006,0.0,,,,,,
Vagrants,,583,1489.3695746000762,0.0,,,,,,
Tsunami Sirens,,585,1489.3291065258504,0.0,,,,,,
Imperial Valkyries,,586,1489.322514978037,0.0,,,,,,
panelinha,,587,1489.308062279334,0.0,,,,,,
Tropa do KinGui,,588,1489.28803461561,0.0,,,,,,
NF0,,589,1489.2862803363707,0.0,,,,,,
Hyperion,,590,1489.2840270374145,0.0,,,,,,
SHPL,,591,1489.259048683016,0.0,,,,,,
TMVG,,592,1489.252728714374,0.0,,,,,,
ex-Daotsu,,593,1489.2361734697874,0.0,,,,,,
TURAN,,594,1489.2346870557703,0.0,,,,,,
Eh,,595,1489.178551436229,0.0,,,,,,
Entropiq,,596,1489.1608107055413,0.0,,,,,,
finshhh,,597,1489.1391362397785,0.0,,,,,,
Derpy diamond dudes,,598,1489.1283882910068,0.0,,,,,,
Preasy,,599,1489.1255503770303,0.0,,,,,,
Monte Gen,,600,1489.1237288518882,0.0,,,,,,
True Thunder,,601,1489.1118078128254,0.0,,,,,,
NA savers,,602,1489.0977246552156,0.0,,,,,,
ex-Astralis Talent,,603,1489.091731460342,0.0,,,,,,
REM,,604,1489.080791332115,0.0,,,,,,
WG Bandits,,605,1489.0632965308653,0.0,,,,,,
Budapest Five,,606,1489.0209811644825,0.0,,,,,,
Unitronics,,607,1489.018551088095,0.0,,,,,,
Comanche,,608,1489.015837590053,0.0,,,,,,
antigrind,,609,1489.0063519417615,0.0,,,,,,
LDLC,,610,1488.976536975462,0.0,,,,,,
DQZS,,611,1488.9698420150144,0.0,,,,,,
Inner Circle Academy,,612,1488.9605137045735,12.0,,,,,,
dice,,613,1488.9133803524392,0.0,,,,,,
Messitas,,614,1488.8750439072232,0.0,,,,,,
Passion Chicha,,615,1488.8672234055696,0.0,,,,,,
WannaNow,,616,1488.8620649676664,0.0,,,,,,
B52,,617,1488.8529973139705,0.0,,,,,,
The Union,,618,1488.8235556708703,0.0,,,,,,
TBD-PL,,619,1488.8,0.0,,,,,,
Rasta,,620,1488.8,0.0,,,,,,
Antic,,621,1488.7999462616729,0.0,,,,,,
Take Flyte Kings,,622,1488.7997331587706,0.0,,,,,,
DEAC,,623,1488.798681662864,0.0,,,,,,
absolute cinema,,624,1488.789221903453,0.0,,,,,,
Capybara,,625,1488.7858025936146,0.0,,,,,,
inputprayers,,626,1488.7806018644796,0.0,,,,,,
LGR,,627,1488.7774682974205,0.0,,,,,,
RBG,,628,1488.7658310955314,0.0,,,,,,
japczany,,629,1488.7236695678173,0.0,,,,,,
DOG,,630,1488.7168148540295,0.0,,,,,,
cleanup crew fe,,631,1488.6990777118117,0.0,,,,,,
ROYALS,,632,1488.6797156209907,0.0,,,,,,
TokyoSavage,,633,1488.6642851145496,0.0,,,,,,
SKIBIDIES,,634,1488.6551433202555,0.0,,,,,,
Walk The Talk,,635,1488.646894924063,0.0,,,,,,
OUTPLAYED,,636,1488.6432992363646,0.0,,,,,,
ex-Divina fe,,637,1488.6331841828912,0.0,,,,,,
Nas,,638,1488.6213371234464,0.0,,,,,,
FACEITPLAYERS,,639,1488.5869801913354,0.0,,,,,,
Victores Sumus,,640,1488.568923871496,0.0,,,,,,
Victus,,641,1488.5489316374374,0.0,,,,,,
DNG,,642,1488.5074511068945,0.0,,,,,,
JERSA,,643,1488.495693506933,0.0,,,,,,
NinJa,,644,1488.4845228796428,0.0,,,,,,
RVNS,,645,1488.482357961185,0.0,,,,,,
NLG,,646,1488.4608636598284,0.0,,,,,,
DNA,,647,1488.4608606924028,0.0,,,,,,
pugs4contract,,648,1488.455763190945,0.0,,,,,,
Meta Academy,,649,1488.4537666462436,0.0,,,,,,
MOB,,650,1488.4513849143711,0.0,,,,,,
Oilers,,651,1488.4503279048913,0.0,,,,,,
Valence,,652,1488.4503250183377,0.0,,,,,,
ex-Heimo,,653,1488.4497979948967,0.0,,,,,,
Ape Gang,,654,1488.4402084619503,0.0,,,,,,
Toronto,,655,1488.4399038075903,0.0,,,,,,
Peak,,656,1488.4398281780686,0.0,,,,,,
hREDS,,657,1488.4390796070936,0.0,,,,,,
NorVa's Last Peek,,658,1488.4390780576657,0.0,,,,,,
MANGANESE,,659,1488.437120369551,0.0,,,,,,
Davai Napadai,,660,1488.3999860475608,0.0,,,,,,
boyband,,661,1488.3948048750524,0.0,,,,,,
Exsto,,662,1488.364343090638,0.0,,,,,,
makeSHIFT,,663,1488.3529229445742,0.0,,,,,,
Washed,,664,1488.3120672520392,0.0,,,,,,
Steel Helmet,,665,1488.3031314211744,0.0,,,,,,
Polar Ace,,666,1488.2891195376412,0.0,,,,,,
Third Prime,,667,1488.288233418488,0.0,,,,,,
Last Dance,,668,1488.2795177229352,0.0,,,,,,
AntyDPM,,669,1488.2133517009206,0.0,,,,,,
RATIO'D,,670,1488.2006613954804,0.0,,,,,,
Orion,,671,1488.1847622851476,0.0,,,,,,
Turkey,,672,1488.1752048164249,0.0,,,,,,
hindsight,,673,1488.170012961659,0.0,,,,,,
HAWAII,,674,1488.1627992964718,0.0,,,,,,
DESEMPREGO,,675,1488.1609645394312,0.0,,,,,,
Aogiri,,676,1488.1500540248528,0.0,,,,,,
mew,,677,1488.1468629560222,0.0,,,,,,
Cafeina,,678,1488.1442305917046,0.0,,,,,,
RAGE,,679,1488.1324473575842,0.0,,,,,,
Canada,,680,1488.1222942974596,0.0,,,,,,
ex-SABRE,,681,1488.097138618812,0.0,,,,,,
WHYKICK,,682,1488.0904949702374,0.0,,,,,,
Legends,,683,1488.0820706277314,0.0,,,,,,
PF,,684,1488.0748553175854,0.0,,,,,,
LFO 3,,685,1488.065621658904,0.0,,,,,,
JFT,,686,1488.0527713742335,0.0,,,,,,
Athlon,,687,1488.043277497541,0.0,,,,,,
Rum Bumpers,,688,1488.037676257485,0.0,,,,,,
WYDO,,689,1488.0295254619582,0.0,,,,,,
FIN,,690,1488.0094309224403,0.0,,,,,,
Revenant,,691,1488.000559160227,0.0,,,,,,
Magic Cape,,692,1487.9842049076958,0.0,,,,,,
HubaBuba,,693,1487.9637589365493,0.0,,,,,,
Glitchtech,,694,1487.9376156266885,0.0,,,,,,
ex-Fire Flux,,695,1487.930620282512,0.0,,,,,,
MASQ,,696,1487.9213975897082,0.0,,,,,,
Amped,,697,1487.8533912656628,0.0,,,,,,
Triumph,,698,1487.8466437049149,0.0,,,,,,
ex-500,,699,1487.8230503414434,0.0,,,,,,
ex-Fingers Crossed,,700,1487.800731500936,0.0,,,,,,
GODSENT fe,,701,1487.7968712034176,0.0,,,,,,
AY4S,,702,1487.7967463043155,0.0,,,,,,
KR,,703,1487.7870577628623,0.0,,,,,,
dotStats,,704,1487.78671657489,0.0,,,,,,
Insomnia,,705,1487.7709560717617,0.0,,,,,,
Disconnected,,706,1487.7645784845245,0.0,,,,,,
Grindas,,707,1487.7611055684115,0.0,,,,,,
LastWind,,708,1487.7544237585762,0.0,,,,,,
163ON,,709,1487.754415339272,0.0,,,,,,
mocreias,,710,1487.7517244581738,0.0,,,,,,
Norway,,711,1487.7288674926208,0.0,,,,,,
NXG,,712,1487.721390966312,0.0,,,,,,
Nigel Mirage,,713,1487.707534754361,0.0,,,,,,
Take Charge,,714,1487.707345490304,0.0,,,,,,
NIP Legends,,715,1487.705963239565,0.0,,,,,,
Chicken Burger,,716,1487.691251921503,0.0,,,,,,
Swole Patrol,,717,1487.6735672065067,0.0,,,,,,
way2go,,718,1487.6562939853798,0.0,,,,,,
AK BARS,,719,1487.6550345560383,0.0,,,,,,
Marca Registrada,,720,1487.6547373361584,0.0,,,,,,
Post Mortem,,721,1487.6098965912238,0.0,,,,,,
Blahaj,,722,1487.5958823845604,0.0,,,,,,
Prison Breakers,,723,1487.5945584386782,0.0,,,,,,
Infamous,,724,1487.5912661623795,0.0,,,,,,
For Fun,,725,1487.5432447195922,0.0,,,,,,
REIGN,,726,1487.542464383337,0.0,,,,,,
ex-ENCE,,727,1487.5141288611912,0.0,,,,,,
Just Passing By,,728,1487.5118691978969,0.0,,,,,,
Kraken,,729,1487.506420801198,0.0,,,,,,
KLG,,730,1487.4834862415053,0.0,,,,,,
Nyxon,,731,1487.479323583112,0.0,,,,,,
Dziuseppe,,732,1487.468786294936,0.0,,,,,,
iPon,,733,1487.4634430738793,0.0,,,,,,
Stone,,734,1487.4323611919622,0.0,,,,,,
coluant,,735,1487.4192519311616,0.0,,,,,,
iM Apartments,,736,1487.413031292141,0.0,,,,,,
EPIC DUDES,,737,1487.3974600942402,0.0,,,,,,
GLORE,,738,1487.3834937187123,0.0,,,,,,
Kidisgraça,,739,1487.349042421241,0.0,,,,,,
ex-Maestro,,740,1487.3478518626223,0.0,,,,,,
Club 333,,741,1487.3356319712066,0.0,,,,,,
Parabellum fe,,742,1487.322343210487,0.0,,,,,,
adalYamigos,,743,1487.3191597108823,0.0,,,,,,
Mamba mentality,,744,1487.3021116902478,0.0,,,,,,
Kungar,,745,1487.2502885148365,0.0,,,,,,
ex-RAPTORS EC,,746,1487.2422334430366,0.0,,,,,,
Overpeek,,747,1487.2422132847792,0.0,,,,,,
By Legends,,748,1487.2057524472314,0.0,,,,,,
The Prodigies SE,,749,1487.1510521164455,0.0,,,,,,
ATOMIK,,750,1487.116393551184,0.0,,,,,,
Green Tea Party,,751,1487.0421536894048,0.0,,,,,,
TIMACETA,,752,1487.0293746670025,0.0,,,,,,
101EST,,753,1487.0025443302557,0.0,,,,,,
Reveal,,754,1486.9953473736427,0.0,,,,,,
ex-Marsborne,,755,1486.8847190364422,0.0,,,,,,
Deorum,,756,1486.88374762762,0.0,,,,,,
Argentina,,757,1486.8646104219877,0.0,,,,,,
PUBG aim,,758,1486.8493375678995,0.0,,,,,,
TeamOne,,759,1486.8427344154916,0.0,,,,,,
LL,,760,1486.7962075416654,0.0,,,,,,
Fragging for Andy,,761,1486.7843199751085,0.0,,,,,,
Divina fe,,762,1486.7819633223537,0.0,,,,,,
FIGHTERS,,763,1486.762895115622,0.0,,,,,,
Super Shy,,764,1486.7462608457815,0.0,,,,,,
Midnight,,765,1486.6945239440993,0.0,,,,,,
ex-RED Canids,,766,1486.689705256852,0.0,,,,,,
VitaPLUR,,767,1486.6880848202686,0.0,,,,,,
OldBoys FR,,768,1486.5952645941777,0.0,,,,,,
ImmuNe,,769,1486.5691372935632,0.0,,,,,,
Housebets,,770,1486.4691632053405,0.0,,,,,,
Muttley Crew,,771,1486.466852868677,0.0,,,,,,
Space,,772,1486.45704084647,0.0,,,,,,
Anonymo,,773,1486.4385040622517,0.0,,,,,,
Galorys Academy,,774,1486.4015252554857,0.0,,,,,,
Old Guys Club,,775,1486.3772224157783,0.0,,,,,,
ex-CPH Wolves,,776,1486.3767083835005,0.0,,,,,,
Hooligangsters,,777,1486.3725358023964,0.0,,,,,,
Zorka Future,,778,1486.3671073006449,0.0,,,,,,
FURIA Academy,,779,1486.3508495841588,0.0,,,,,,
HTX,,780,1486.343325745786,0.0,,,,,,
ROFLAN SQUAD,,781,1486.339912128836,0.0,,,,,,
AimerLegion,,782,1486.2683949378277,0.0,,,,,,
Xcity,,783,1486.2435613097073,0.0,,,,,,
Fresh Food People,,784,1486.2125863359609,0.0,,,,,,
BUFF3D UP,,785,1486.2107630901853,0.0,,,,,,
Hawks,,786,1486.2052447617457,0.0,,,,,,
Singularity,,787,1486.1072183031104,0.0,,,,,,
Hacha,,788,1486.098519624972,0.0,,,,,,
mXm,,789,1486.0480076451922,0.0,,,,,,
Mad Kings,,790,1486.0469679318896,0.0,,,,,,
Final Feature,,791,1485.909137592687,0.0,,,,,,
Abyss,,792,1485.869960004699,0.0,,,,,,
Alter Ego,,793,1485.8599876129497,0.0,,,,,,
MAGNA,,794,1485.8147711539434,0.0,,,,,,
YinYang,,795,1485.7739695468465,0.0,,,,,,
Blitz,,796,1485.6171929724574,0.0,,,,,,
Full House,,797,1485.5837893165894,0.0,,,,,,
Passion UA,,798,1485.5123344797375,0.0,,,,,,
Bad News Bears,,799,1485.503598258336,0.0,,,,,,
SPORT,,800,1485.4958564901206,0.0,,,,,,
VP.Prodigy,,801,1485.488393677219,0.0,,,,,,
MASSIVEimpact,,802,1485.4770771558942,0.0,,,,,,
AVANGAR,,803,1485.3870781047478,0.0,,,,,,
DH Premium,,804,1485.3084840999618,0.0,,,,,,
Wampirki,,805,1485.2600404829968,0.0,,,,,,
Heimo,,806,1485.142148309454,0.0,,,,,,
Demolition,,807,1485.074899606047,0.0,,,,,,
AGA,,808,1485.0635296642256,0.0,,,,,,
IHC,,809,1485.0052106700534,0.0,,,,,,
WeClear,,810,1484.9330912731727,0.0,,,,,,
FOLHA AMARELA,,811,1484.827142643703,0.0,,,,,,
Desi Boyz,,812,1484.804843349937,0.0,,,,,,
Cryptova,,813,1484.708279767548,0.0,,,,,,
bullpeek,,814,1484.6951492604817,0.0,,,,,,
PRIME,,815,1484.5165101289551,0.0,,,,,,
sleepers,,816,1484.4422923790155,0.0,,,,,,
1WIN NA,,817,1484.4280015347902,0.0,,,,,,
barry pickers,,818,1484.426909540668,0.0,,,,,,
Sissi State Punks,,819,1484.3352329079844,0.0,,,,,,
Voracity,,820,1484.3198170537685,0.0,,,,,,
ex-Eternal Fire,,821,1484.2784311738983,0.0,,,,,,
southern lights,,822,1484.179847688025,0.0,,,,,,
Citronnade,,823,1484.0942120850502,0.0,,,,,,
COPH9K,,824,1484.0628007862294,0.0,,,,,,
NineFly,,825,1484.053728571292,0.0,,,,,,
25 cents,,826,1483.99696919981,0.0,,,,,,
PsychoFace,,827,1483.942029925158,10.0,,,,,,
The MongolZ Academy,,828,1483.917531151149,0.0,,,,,,
WATERMELON,,829,1483.8650988167255,0.0,,,,,,
Invicta,,830,1483.8317119683402,0.0,,,,,,
Limitless,,831,1483.8307999193974,0.0,,,,,,
FRZ,,832,1483.6723406455442,0.0,,,,,,
Clutchain,,833,1483.576764406863,0.0,,,,,,
winstonblue,,834,1483.5259892797776,0.0,,,,,,
mouse,,835,1483.488499386813,0.0,,,,,,
Myth,,836,1483.4554660488575,0.0,,,,,,
Luminous,,837,1483.0593917815947,0.0,,,,,,
GANK,,838,1483.0569807677812,0.0,,,,,,
Radford University,,839,1482.929168207659,0.0,,,,,,
Nordic Valor,,840,1482.9207602816457,0.0,,,,,,
ENERGYULTRA,,841,1482.8953209537644,0.0,,,,,,
LFO 7,,842,1482.7682728497396,0.0,,,,,,
Arch,,843,1482.7319862112,1.0,,,,,,
Orda,,844,1482.5681319436612,8.0,,,,,,
Galactik rebels,,845,1482.4818528075675,0.0,,,,,,
FKOMAR,,846,1482.3230943718906,0.0,,,,,,
Re Di,,847,1482.2963908914242,0.0,,,,,,
Mythic,,848,1481.8977436241698,0.0,,,,,,
DRGN,,849,1481.8630066933692,0.0,,,,,,
Celestial,,850,1481.84186961183,0.0,,,,,,
SadFamous,,851,1481.816373909838,0.0,,,,,,
Mc,,852,1481.765653933499,0.0,,,,,,
FAVBET,,853,1481.74005562745,0.0,,,,,,
PIVOSQUAD,,854,1481.7048368548976,0.0,,,,,,
NAOCOPULAS,,855,1481.635002090125,0.0,,,,,,
boosters,,856,1481.6088899856663,0.0,,,,,,
INFINITE Talent,,857,1481.599142138695,0.0,,,,,,
KlanPedrajas,,858,1481.596467780472,0.0,,,,,,
MUERTA,,859,1481.3251710545844,0.0,,,,,,
Spirit Academy Black,,860,1480.992139248955,0.0,,,,,,
XDM,,861,1480.882918503452,0.0,,,,,,
Oatzu's Hips,,862,1480.8366845180617,0.0,,,,,,
RTT100,,863,1480.8288271253211,0.0,,,,,,
It's a Secret,,864,1480.4969567019352,0.0,,,,,,
fullw,,865,1480.4146649042127,0.0,,,,,,
Evo Novo,,866,1480.17449032411,0.0,,,,,,
163NEWS,,867,1480.0469990748388,0.0,,,,,,
neXtPlease!,,868,1480.031668625946,0.0,,,,,,
Exilium,,869,1479.9237589414774,0.0,,,,,,
Persona Grata,,870,1479.907983211347,0.0,,,,,,
Last Bullet,,871,1479.7099962450086,0.0,,,,,,
WiLD,,873,1479.5252686036088,0.0,,,,,,
BESTIA Academy,,874,1479.3800252887293,11.0,,,,,,
Dark Tigre,,875,1479.3359797691685,0.0,,,,,,
RayRay,,876,1479.2910637446173,0.0,,,,,,
5Actors,,877,1479.2709587399415,0.0,,,,,,
Zingaro,,878,1479.211432110554,0.0,,,,,,
Phantom Academy,,879,1479.1896518713836,9.0,,,,,,
flacons,,880,1479.1348913715583,0.0,,,,,,
Blazing Beavers,,881,1479.0920919214343,0.0,,,,,,
MAZRAEA,,882,1479.023399099483,0.0,,,,,,
Nemesis SEA,,883,1478.9879974256337,0.0,,,,,,
DUSTY,,885,1478.8299228979422,0.0,,,,,,
RUSH,,886,1478.715060696805,3.0,,,,,,
Festina Lente,,887,1478.6711533319406,0.0,,,,,,
byte,,888,1478.6460471838964,0.0,,,,,,
Chimera,,889,1478.6233987075395,0.0,,,,,,
illwill,,890,1478.4998115134474,0.0,,,,,,
FUT Academy,,891,1478.4744383576958,0.0,,,,,,
BlackBelt,,892,1478.3587057207346,0.0,,,,,,
levelONE,,893,1478.2633739517223,0.0,,,,,,
FoxHound,,894,1478.2549190059492,0.0,,,,,,
Trainwrecks,,895,1478.2370097115688,8.0,,,,,,
Nouns fe,,896,1478.1143153829923,0.0,,,,,,
NC,,897,1478.050066046446,0.0,,,,,,
A FUNDAÇÃO,,898,1478.0123667090406,0.0,,,,,,
KG fe,,899,1477.9845306381465,0.0,,,,,,
MAXXPOWER,,900,1477.9718788821087,0.0,,,,,,
SAAB,,901,1477.9394617426676,0.0,,,,,,
Chaos,,902,1477.9345148941577,0.0,,,,,,
Brahmas,,903,1477.863415369749,0.0,,,,,,
Ravens,,904,1477.8384735595655,0.0,,,,,,
CTNex,,905,1477.7839818035054,0.0,,,,,,
ZEVS,,906,1477.7107644725795,0.0,,,,,,
Kinoa,,907,1477.677348688974,0.0,,,,,,
FLUFFY AIMERS,,908,1477.6177656539007,0.0,,,,,,
HAVU,,909,1477.593543590474,12.0,,,,,,
The Quest,,910,1477.3773193676282,0.0,,,,,,
XCLAN,,911,1477.2755996145688,0.0,,,,,,
Brazen,,912,1477.1976068175125,0.0,,,,,,
Supernova Comets,,913,1477.1786597036094,0.0,,,,,,
Aurora Young Blud,,914,1477.1493120938508,0.0,,,,,,
Dusty Roses,,915,1476.983924106807,0.0,,,,,,
Yoru,,916,1476.925480970213,0.0,,,,,,
100RA,,917,1476.8340138560627,0.0,,,,,,
FUT Turkuaz,,918,1476.8274013806663,0.0,,,,,,
Project Eversio,,919,1476.797797898543,0.0,,,,,,
Quem Sao Elas,,920,1476.775786470734,0.0,,,,,,
Legion,,921,1476.7552809463891,0.0,,,,,,
SIXSEVEN,,922,1476.753994836348,0.0,,,,,,
X13,,923,1476.6614356254129,0.0,,,,,,
Luleflames,,924,1476.6173216854556,0.0,,,,,,
Giant Pandas,,925,1476.4766280625145,0.0,,,,,,
Eternal 21,,926,1476.4750494700784,0.0,,,,,,
nomix,,927,1476.4283045494728,0.0,,,,,,
WINDINGO,,928,1476.4201989345631,0.0,,,,,,
LE-LUX,,929,1476.4185729337946,0.0,,,,,,
beznegativa,,930,1476.3997056641992,0.0,,,,,,
Bad Luck,,931,1476.3530473376586,0.0,,,,,,
yngods,,932,1476.3376030670245,0.0,,,,,,
Four Magic,,933,1476.3289809130715,0.0,,,,,,
500 Rush,,934,1476.287241307111,0.0,,,,,,
SENZA,,935,1476.1704651649893,0.0,,,,,,
NtK,,936,1476.1308318406868,0.0,,,,,,
Insiders,,937,1476.0136927503338,0.0,,,,,,
Meta,,938,1475.9778347420588,0.0,,,,,,
maquinas,,939,1475.8425771029376,0.0,,,,,,
Aura,,940,1475.810169673316,0.0,,,,,,
Universe,,941,1475.7983992448908,0.0,,,,,,
SNOGARD Dragons,,942,1475.774269616947,0.0,,,,,,
ex-CSDIILIT,,943,1475.7567342851682,0.0,,,,,,
Mousquetaires,,944,1475.7342618428263,0.0,,,,,,
ex-Sashi Academy,,945,1475.698917539556,0.0,,,,,,
Zeste,,946,1475.689788115631,0.0,,,,,,
Squared,,947,1475.654775779563,0.0,,,,,,
Dark Tigers,,948,1475.5572852321986,0.0,,,,,,
Flame Sharks,,949,1475.5408850963338,0.0,,,,,,
Reactor 9,,950,1475.5105939943478,0.0,,,,,,
DAMAJUANA,,951,1475.351430415806,0.0,,,,,,
INFURITY,,952,1474.898943031773,0.0,,,,,,
Ølgod Efterskole,,953,1474.7449318441604,0.0,,,,,,
ECLOT,,954,1474.6539726135877,0.0,,,,,,
ADN,,955,1474.6170570581571,0.0,,,,,,
HAVENs,,956,1474.596052241115,0.0,,,,,,
LAGUNA,,957,1474.217182428205,0.0,,,,,,
Dhala,,958,1474.016542285543,0.0,,,,,,
LFO 6,,959,1473.8913732306623,0.0,,,,,,
NIC,,960,1473.5890469292392,0.0,,,,,,
Worms,,961,1473.3972747390635,0.0,,,,,,
METANOIA,,962,1473.3666165140337,0.0,,,,,,
DALUYONG,,963,1473.32706123559,0.0,,,,,,
girl kissers,,964,1473.311185621231,0.0,,,,,,
Falcons Force,,965,1473.0418270287776,9.0,,,,,,
raisedbypixels,,966,1473.0398724054623,0.0,,,,,,
showmakerz,,967,1472.9873649110505,0.0,,,,,,
The Suspect,,968,1472.8609986370004,0.0,,,,,,
Morningstar,,969,1472.827497731137,0.0,,,,,,
Kreazion,,970,1472.6692804397112,0.0,,,,,,
Vandulken,,971,1472.5650811752137,0.0,,,,,,
ex-GUARA,,972,1472.4859637558857,0.0,,,,,,
Orion Wanderers,,973,1472.4513017566214,0.0,,,,,,
95 Vikings,,974,1472.4257901209771,0.0,,,,,,
Vael,,975,1472.4204021993853,0.0,,,,,,
Linx Legacy,,976,1472.3931375308173,0.0,,,,,,
Finishers,,977,1472.1896483438393,2.0,,,,,,
Overtake Sector,,978,1472.0691131224798,7.0,,,,,,
ABT,,979,1471.9984357926753,0.0,,,,,,
Banger Gang,,980,1471.9671831904398,0.0,,,,,,
mindshock,,981,1471.9411817099328,0.0,,,,,,
ClayMakers,,982,1471.8707931410302,0.0,,,,,,
Canon Event,,983,1471.8461878542273,0.0,,,,,,
ex-Young Ninjas,,985,1471.6895278817883,0.0,,,,,,
Money Crew,,986,1471.6568121193825,0.0,,,,,,
Surge,,987,1471.6032788785333,0.0,,,,,,
Sensation,,988,1471.2813636190351,0.0,,,,,,
UnderDogs,,989,1471.270793019651,0.0,,,,,,
Masked Regime,,990,1471.2691793423623,0.0,,,,,,
seoul,,991,1471.1978799474662,0.0,,,,,,
GamersLab,,992,1471.109113274903,0.0,,,,,,
EXSAD,,993,1470.8777368296155,0.0,,,,,,
Grêmio,,994,1470.84508113036,6.0,,,,,,
VTM,,995,1470.6778712659732,0.0,,,,,,
LA MASIA,,996,1470.654378716374,0.0,,,,,,
Nordic Partners,,997,1470.6503981911385,14.0,,,,,,
ENCE Academy,,998,1470.549067209316,0.0,,,,,,
The Boys,,999,1470.4071759013182,0.0,,,,,,
Impulse GW,,1000,1470.3947232996347,0.0,,,,,,
Straight2Killin,,1001,1470.355446264786,0.0,,,,,,
Banda Chuya,,1002,1470.3310054739554,0.0,,,,,,
Limitless Angels,,1003,1470.2519266490478,0.0,,,,,,
QueenConso,,1004,1470.211511768512,0.0,,,,,,
Saints,,1005,1470.2006654868248,0.0,,,,,,
AimAssasins,,1006,1470.1797772173647,0.0,,,,,,
dJ uNT frIENDS,,1007,1470.0147757909897,0.0,,,,,,
gang albanii,,1008,1469.9627399982758,0.0,,,,,,
Gaimin Gladiators,,1009,1469.660763985539,0.0,,,,,,
DETONATE SparX,,1010,1469.638371628832,0.0,,,,,,
EGOISTO,,1011,1469.4932337028883,0.0,,,,,,
BMZ,,1013,1469.0337261578952,0.0,,,,,,
PEAK fe,,1014,1468.962522491509,0.0,,,,,,
BIG EQUIPA,,1015,1468.7440739514311,0.0,,,,,,
boomer demons,,1016,1468.357695912786,0.0,,,,,,
Dusty Roots,,1017,1468.253719313365,0.0,,,,,,
Zealous,,1018,1468.24811604772,0.0,,,,,,
Minkens finest,,1019,1468.01778278891,0.0,,,,,,
X7,,1022,1467.3610783481165,0.0,,,,,,
FromPR,,1023,1467.277093042448,0.0,,,,,,
A Great Chaos,,1025,1467.179185676941,0.0,,,,,,
WAZABI,,1026,1467.1761602315798,0.0,,,,,,
TSG,,1027,1466.6383192386709,0.0,,,,,,
NOMERCY,,1028,1466.548212483666,0.0,,,,,,
FOKUS REALITY,,1029,1466.4603332360878,0.0,,,,,,
JANO,,1030,1466.455474223889,0.0,,,,,,
playersclub,,1031,1466.3305263419088,0.0,,,,,,
Z7,,1032,1466.327722517082,0.0,,,,,,
LUNA,,1033,1466.3149828887315,0.0,,,,,,
premdesant,,1034,1466.1986393808145,0.0,,,,,,
NEW VISION,,1035,1466.1939814806929,8.0,,,,,,
Sidequest,,1036,1466.1260961266214,0.0,,,,,,
DNK,,1037,1466.093321057407,0.0,,,,,,
premghouls,,1038,1466.0793010160694,0.0,,,,,,
FORZE Reload,,1039,1466.0789944151568,8.0,,,,,,
KHAN,,1041,1465.7890904943745,0.0,,,,,,
BA 2,,1042,1465.7054981397428,0.0,,,,,,
Spirit HU,,1043,1465.3458707323489,7.0,,,,,,
KRÜ,,1044,1465.1445855237462,0.0,,,,,,
Illuminar,,1045,1464.941810028731,0.0,,,,,,
Just Swing,,1046,1464.6621942756703,0.0,,,,,,
Trouble makers,,1047,1464.6561424848749,0.0,,,,,,
BORING PLAYERS,,1048,1464.6345989722238,0.0,,,,,,
W7M fe,,1049,1464.4860575769667,0.0,,,,,,
9BOOMPRO,,1050,1464.4277467236957,0.0,,,,,,
8Sins,,1051,1464.2773585769523,0.0,,,,,,
train launcher,,1052,1464.1944944957927,7.0,,,,,,
MARKandLARRY,,1053,1464.1630431743038,0.0,,,,,,
Flying Angels,,1054,1464.0650845907514,0.0,,,,,,
ELITES,,1055,1463.7923581553118,0.0,,,,,,
VRSoholics,,1056,1463.612664429626,0.0,,,,,,
ZOTIX,,1057,1463.3192890294608,0.0,,,,,,
Nexus,,1058,1463.2929694108907,11.0,,,,,,
Haemus,,1059,1463.220768620705,0.0,,,,,,
eSuba,,1060,1462.9851092414208,0.0,,,,,,
Square Sausages,,1061,1462.923312777738,0.0,,,,,,
PURE,,1062,1462.723707440875,11.0,,,,,,
BeBold,,1063,1462.3764096523494,0.0,,,,,,
Floripa Stars,,1064,1462.2223826072943,0.0,,,,,,
Citron,,1065,1462.1736097842577,0.0,,,,,,
AKA HERO KAJO,,1066,1462.0251025246778,0.0,,,,,,
anything else,,1067,1461.8688915387547,0.0,,,,,,
Diamant,,1068,1461.4393256421442,1.0,,,,,,
Arise,,1069,1461.411271394795,0.0,,,,,,
Gatorian,,1070,1461.277391410806,0.0,,,,,,
Y5,,1071,1461.2377332987355,0.0,,,,,,
AMKAL,,1072,1460.5987543399976,0.0,,,,,,
Young TigeRES,,1073,1460.5300600939631,5.0,,,,,,
AIRLYA,,1074,1460.1712226243342,0.0,,,,,,
MGLBROS,,1075,1459.8696320472127,0.0,,,,,,
MINLATE,,1076,1459.7581204212345,0.0,,,,,,
Aimhaus,,1077,1459.5012204005634,0.0,,,,,,
SINQU REHTI,,1078,1459.4974135708544,0.0,,,,,,
Tricksters,,1079,1459.1432453245347,6.0,,,,,,
SAW Youngsters,,1080,1458.947432651737,13.0,,,,,,
ENRAGE,,1081,1458.8877394745098,0.0,,,,,,
Winners,,1082,1458.8044674087644,0.0,,,,,,
Hashiras,,1083,1458.643817159809,0.0,,,,,,
ex-MANA,,1084,1458.241942645358,11.0,,,,,,
Fuego,,1085,1458.108712812693,0.0,,,,,,
Drama,,1086,1457.9576122244446,0.0,,,,,,
Phoenix,,1087,1457.847271028284,0.0,,,,,,
Sangal Academy,,1088,1457.6136571387892,0.0,,,,,,
GRINGOS,,1089,1457.5387391351676,0.0,,,,,,
Venom,,1090,1456.4138464419732,0.0,,,,,,
Younglings,,1091,1456.045507410891,0.0,,,,,,
Hermine,,1092,1456.028339369826,0.0,,,,,,
Ghost,,1093,1456.000843051908,0.0,,,,,,
Coalesce,,1094,1455.942356682741,10.0,,,,,,
ZWAW,,1095,1455.5060444979647,0.0,,,,,,
Boys N Da HUD,,1096,1455.231404111395,0.0,,,,,,
Sakura,,1097,1454.92306256044,0.0,,,,,,
Curralzinho,,1098,1454.6281368796815,0.0,,,,,,
BBBMBCBS,,1100,1454.394779597792,0.0,,,,,,
Wave,,1101,1454.3748618308966,0.0,,,,,,
OverKnight,,1102,1454.3490467220652,0.0,,,,,,
Beyond Limits,,1103,1454.204392725844,3.0,,,,,,
GAMEHARMONY,,1104,1453.9259585032664,0.0,,,,,,
Entropy,,1105,1453.85624859561,11.0,,,,,,
Fuzos,,1106,1453.805181977321,0.0,,,,,,
FarmVille,,1107,1453.5587431811384,0.0,,,,,,
IDoPieca,,1108,1453.0872680024274,0.0,,,,,,
Cloud9,,1109,1452.9739869638056,0.0,,,,,,
CHAOS,,1110,1452.6059397870963,0.0,,,,,,
JUMBO,,1111,1452.3796673171412,0.0,,,,,,
Strael Bora,,1112,1452.3639776956682,8.0,,,,,,
BERG,,1113,1452.0899856737688,7.0,,,,,,
M1X KS,,1115,1451.7473837971047,0.0,,,,,,
Nocturnal,,1117,1451.2235259311217,0.0,,,,,,
Qual4,,1119,1451.1152422446332,0.0,,,,,,
Akimbo,,1120,1451.0694664190505,0.0,,,,,,
LITE,,1121,1450.9575532307117,0.0,,,,,,
Dark Moon,,1122,1450.4412354490537,0.0,,,,,,
Four Magic fe,,1123,1450.3472127205855,0.0,,,,,,
CTRL,,1124,1450.2414498970936,4.0,,,,,,
MEIA NOITE,,1125,1448.1881782233163,0.0,,,,,,
Ding Cuts,,1126,1447.2057705285508,0.0,,,,,,
Charrados,,1128,1446.0482698416097,0.0,,,,,,
Dripmen,,1129,1445.4700444357482,0.0,,,,,,
Pugdesonesto,,1130,1445.2023126753247,0.0,,,,,,
Reign Above,,1131,1445.0162280553386,0.0,,,,,,
Avanti,,1132,1444.973823986828,0.0,,,,,,
THE UNIT,,1133,1444.641059093227,11.0,,,,,,
XI,,1134,1444.2844440676506,0.0,,,,,,
brazylijski luz,,1136,1444.0112287602358,0.0,,,,,,
DUNDU,,1137,1443.2921626529549,0.0,,,,,,
Ascend,,1138,1443.2463230954493,0.0,,,,,,
Betera,,1139,1443.2434842583316,0.0,,,,,,
aimclub,,1140,1442.006463780201,7.0,,,,,,
thekillaz fe,,1142,1441.7171478379616,0.0,,,,,,
MANA,,1144,1441.5705365202346,0.0,,,,,,
6666,,1146,1440.0699320449958,0.0,,,,,,
BOJONG,,1148,1439.7058682732873,0.0,,,,,,
Game Point,,1149,1439.2819117398203,4.0,,,,,,
Julie&Cie,,1151,1439.1262934408066,0.0,,,,,,
LEO SE,,1153,1438.7663843158446,0.0,,,,,,
KUUSAMO,,1154,1438.1566755593713,9.0,,,,,,
MAGICOS,,1155,1436.9025737901568,0.0,,,,,,
Red Feet,,1156,1436.204574790327,4.0,,,,,,
777,,1158,1435.588405451267,0.0,,,,,,
CAPIVARAS,,1159,1435.1008243787974,0.0,,,,,,
Atreides,,1160,1433.801142620144,9.0,,,,,,
eternal premium,,1162,1432.2813107336026,7.0,,,,,,
Misa,,1163,1431.94748760452,11.0,,,,,,
Eruption,,1164,1431.7396283362002,0.0,,,,,,
ODDIK Academy,,1165,1431.4671032379065,4.0,,,,,,
UR,,1167,1427.7267423040432,0.0,,,,,,
Bebop,,1168,1425.7912981972058,7.0,,,,,,
Villainous,,1169,1424.863503744686,10.0,,,,,,
Clutchain fe,,1170,1424.5515945469724,4.0,,,,,,
Privateer,,1172,1422.9361627740195,7.0,,,,,,
home,,1173,1422.7746459425953,0.0,,,,,,
Sashi Academy,,1174,1422.4838370181496,0.0,,,,,,
zajezdzacze,,1176,1421.693285529761,0.0,,,,,,
Permitta,,1177,1421.4970415570403,13.0,,,,,,
Players,,1179,1421.1005920589444,0.0,,,,,,
CarritoSpain,,1180,1420.814792832717,4.0,,,,,,
NuTorious,,1182,1420.0720310098086,7.0,,,,,,
MTX,,1183,1418.3303133349768,0.0,,,,,,
atputies,,1185,1414.5886232946468,0.0,,,,,,
Famalicão,,1186,1411.9460171034607,0.0,,,,,,
EC BANGA,,1187,1411.8556441909489,0.0,,,,,,
HereWeGoAgain,,1188,1411.0127699155855,0.0,,,,,,
Project 91,,1189,1410.2914546738286,0.0,,,,,,
kONO,,1190,1409.248678429478,0.0,,,,,,
aAa,,1191,1406.3450243651191,0.0,,,,,,
ALTAY,,1192,1406.2988931552443,6.0,,,,,,
DONSTU,,1193,1405.8818578118776,8.0,,,,,,
SINQU,,1194,1405.278945415138,8.0,,,,,,
ALZON,,1195,1404.5376533642304,0.0,,,,,,
Washington,,1197,1403.6162107723103,0.0,,,,,,
R2,,1198,1403.0122440720463,0.0,,,,,,
Blitzkrieg,,1199,1400.328339201083,1.0,,,,,,
Underground,,1201,1398.4895102817727,0.0,,,,,,
CSDIILIT,,1202,1397.0672382712494,0.0,,,,,,
GUARA,,1203,1395.444684922415,0.0,,,,,,
HEROIC Academy,,1204,1395.1901181485898,0.0,,,,,,
F5,,1205,1394.0504502503147,0.0,,,,,,
Mai Tai,,1206,1393.0060677175686,0.0,,,,,,
DragonClaw,,1208,1390.2214231367384,0.0,,,,,,
Time Waves,,1210,1383.1175782348228,0.0,,,,,,
ex-KRÜ,,1211,1380.799989575757,0.0,,,,,,
Fortress,,1212,1376.230604401533,3.0,,,,,,
ROUNDS,,1214,1373.2899234989775,3.0,,,,,,
METANOIA Wolves,,1216,1366.8703641855334,4.0,,,,,,
Pigeons,,1217,1356.5392048058056,0.0,,,,,,
Subtop De France,,1218,1356.1098045385108,0.0,,,,,,
Vasco,,1219,1348.9349308631452,0.0,,,,,,
megoshort,,1220,1342.9336773055136,0.0,,,,,,
Lilmix,,1221,1342.4095763331036,5.0,,,,,,
OlyBet,,1222,1321.598941144223,3.0,,,,,,
