rank,tier,team,strength,strength_gap,matches,wins,losses,win_rate
1,1,Spirit,2299.0,28.73999999999978,102,77,25,0.755
2,1,Vitality,2270.26,21.75,110,89,21,0.809
3,1,Falcons,2248.51,77.30000000000018,102,70,32,0.686
4,1,FURIA,2171.21,6.0900000000001455,124,86,38,0.694
5,1,MOUZ,2165.12,3.8299999999999272,107,70,37,0.654
6,1,Natus Vincere,2161.29,22.84999999999991,101,62,39,0.614
7,1,FUT,2138.44,43.840000000000146,103,66,37,0.641
8,1,G2,2094.6,4.519999999999982,110,63,47,0.573
9,1,Legacy,2090.08,11.989999999999782,109,64,45,0.587
10,1,Aurora,2078.09,9.960000000000036,109,61,48,0.56
11,1,The MongolZ,2068.13,8.090000000000146,102,59,43,0.578
12,1,9z,2060.04,18.279999999999973,111,75,36,0.676
13,1,BetBoom,2041.76,29.529999999999973,123,82,41,0.667
14,1,FaZe,2012.23,3.3099999999999454,114,57,57,0.5
15,1,Astralis,2008.92,3.3900000000001,105,55,50,0.524
16,1,magic,2005.53,13.309999999999945,65,44,21,0.677
17,1,PARIVISION,1992.22,11.230000000000018,108,65,43,0.602
18,1,BIG,1980.99,9.970000000000027,119,76,43,0.639
19,1,B8,1971.02,8.509999999999991,108,54,54,0.5
20,1,Monte,1962.51,1.740000000000009,70,38,32,0.543
21,1,MIBR,1960.77,4.269999999999982,113,71,42,0.628
22,1,Jam,1956.5,4.869999999999891,6,6,0,1.0
23,1,Alliance,1951.63,12.330000000000155,115,78,37,0.678
24,1,TDK,1939.3,10.839999999999918,57,41,16,0.719
25,1,Nemesis,1928.46,1.150000000000091,105,66,39,0.629
26,1,GamerLegion,1927.31,6.309999999999945,104,53,51,0.51
27,1,Inner Circle,1921.0,9.220000000000027,101,57,44,0.564
28,1,M80,1911.78,0.5499999999999545,108,69,39,0.639
29,1,Nuclear TigeRES,1911.23,2.089999999999918,111,70,41,0.631
30,1,Ninjas in Pyjamas,1909.14,0.9100000000000819,106,54,52,0.509
31,1,paiN,1908.23,1.6400000000001,105,52,53,0.495
32,1,HEROIC,1906.59,2.5799999999999272,104,52,52,0.5
33,1,Zero Tenacity,1904.01,1.0199999999999818,28,20,8,0.714
34,1,Butterfly,1902.99,0.43000000000006366,19,14,5,0.737
35,1,Iberian Soul,1902.56,0.5299999999999727,100,63,37,0.63
36,1,Echo,1902.03,0.7200000000000273,16,10,6,0.625
37,1,TYLOO,1901.31,0.2300000000000182,105,59,46,0.562
38,1,Sharks,1901.08,1.6299999999998818,82,49,33,0.598
39,1,Lynn Vision,1899.45,3.240000000000009,102,59,43,0.578
40,1,100 Thieves,1896.21,2.8400000000001455,100,60,39,0.6
41,1,Liquid,1893.37,9.319999999999936,114,57,57,0.5
42,1,Virtus.pro,1884.05,1.6099999999999,100,49,51,0.49
43,1,EYEBALLERS,1882.44,0.25,110,70,40,0.636
44,1,K27,1882.19,0.43000000000006366,114,76,38,0.667
45,1,HOTU,1881.76,2.150000000000091,108,69,39,0.639
46,1,NRG,1879.61,0.5399999999999636,108,68,40,0.63
47,1,Gentle Mates,1879.07,7.869999999999891,71,37,34,0.521
48,1,Nemiga,1871.2,14.350000000000136,131,81,50,0.618
49,1,1win,1856.85,4.6099999999999,110,69,41,0.627
50,1,FlyQuest,1852.24,4.230000000000018,104,57,47,0.548
51,1,fnatic,1848.01,0.049999999999954525,117,66,51,0.564
52,1,3DMAX,1847.96,1.7200000000000273,119,54,65,0.454
53,1,Sashi,1846.24,4.7000000000000455,122,68,54,0.557
54,1,FOKUS,1841.54,0.8799999999998818,54,32,22,0.593
55,1,Imperial,1840.66,1.5900000000001455,114,71,43,0.623
56,1,Wildcard,1839.07,7.6099999999999,109,68,41,0.624
57,1,Voca,1831.46,3.019999999999982,91,62,29,0.681
58,1,Getting Info,1828.44,3.480000000000018,20,14,6,0.7
59,1,33,1824.96,3.8199999999999363,23,13,10,0.565
60,1,JiJieHao,1821.14,0.11000000000012733,113,60,53,0.531
61,1,RED Canids,1821.03,0.9800000000000182,47,26,21,0.553
62,1,Oramond,1820.05,2.2100000000000364,60,36,24,0.6
63,1,BESTIA,1817.84,1.4099999999998545,110,72,38,0.655
64,1,CYBERSHOKE,1816.43,1.509999999999991,117,63,54,0.538
65,1,ESC,1814.92,3.740000000000009,27,17,10,0.63
66,1,Wildcard Academy,1811.18,2.4400000000000546,10,8,2,0.8
67,1,SINNERS,1808.74,1.4200000000000728,114,68,46,0.596
68,1,INOX Division,1807.32,1.9700000000000273,62,44,18,0.71
69,1,Evil Geniuses,1805.35,0.2699999999999818,4,3,1,0.75
70,1,Into the Breach,1805.08,1.3699999999998909,4,4,0,1.0
71,1,GenOne,1803.71,2.730000000000018,136,78,58,0.574
72,1,ex-RUBY,1800.98,2.25,120,74,46,0.617
73,1,THUNDER dOWNUNDER,1798.73,4.599999999999909,60,47,13,0.783
74,1,mellren,1794.13,0.7300000000000182,11,8,3,0.727
75,1,Walczaki,1793.4,1.0,66,43,23,0.652
76,1,WHITEBIRD,1792.4,2.75,26,14,12,0.538
77,1,Solid,1789.65,0.650000000000091,4,4,0,1.0
78,1,Color,1789.0,0.03999999999996362,7,5,2,0.714
79,1,Acend,1788.96,1.1300000000001091,104,59,45,0.567
80,1,Tricked,1787.83,1.1399999999998727,52,23,29,0.442
81,1,Insilio,1786.69,2.8500000000001364,12,9,3,0.75
82,1,TNL,1783.84,4.339999999999918,14,8,6,0.571
83,1,9 Pandas,1779.5,0.5,7,5,2,0.714
84,1,Eternal Fire,1779.0,4.910000000000082,120,69,51,0.575
85,1,Nouns,1774.09,1.6899999999998272,7,6,1,0.857
86,1,BLUEJAYS,1772.4,0.20000000000004547,21,13,8,0.619
87,1,Betclic,1772.2,0.17000000000007276,110,52,58,0.473
88,1,ShindeN,1772.03,2.2100000000000364,107,67,40,0.626
89,1,Raccoons,1769.82,0.1799999999998363,5,4,1,0.8
90,1,Metizport,1769.64,1.0700000000001637,108,54,54,0.5
91,1,Friendly Campers,1768.57,0.2400000000000091,13,6,7,0.462
92,1,ODDIK,1768.33,0.21000000000003638,112,70,42,0.625
93,1,GUN5,1768.12,2.949999999999818,34,17,17,0.5
94,1,LP,1765.17,1.800000000000182,104,68,36,0.654
95,1,ex-NAVI Junior,1763.37,0.30999999999994543,2,2,0,1.0
96,1,Phantom,1763.06,0.1799999999998363,107,53,54,0.495
97,1,ex-Betera,1762.88,0.6200000000001182,5,3,2,0.6
98,1,mix52,1762.26,0.10999999999989996,6,4,2,0.667
99,1,Spirit Academy,1762.15,1.5199999999999818,100,57,43,0.57
100,1,WOPA,1760.63,1.4600000000000364,15,10,5,0.667
101,1,OG,1759.17,2.660000000000082,110,62,48,0.564
102,1,ex-GANK,1756.51,1.4600000000000364,4,3,1,0.75
103,1,WW,1755.05,3.2200000000000273,100,52,48,0.52
104,1,QMISTRY,1751.83,0.06999999999993634,3,3,0,1.0
105,1,500,1751.76,2.0299999999999727,30,14,16,0.467
106,1,ex-Inner Circle,1749.73,0.9200000000000728,5,3,2,0.6
107,1,QWENTRY,1748.81,2.589999999999918,43,27,16,0.628
108,1,ACROBATS,1746.22,0.30999999999994543,5,3,2,0.6
109,1,SemperFi,1745.91,0.08000000000015461,47,29,18,0.617
110,1,Ursa,1745.83,1.1899999999998272,64,39,25,0.609
111,1,DENDELE,1744.64,2.1400000000001,5,3,2,0.6
112,1,ex-RUSTEC,1742.5,0.03999999999996362,31,19,12,0.613
113,1,RUBY,1742.46,0.6200000000001182,32,18,14,0.562
114,1,Vikings KR,1741.84,0.7799999999999727,3,3,0,1.0
115,1,Passion UA,1741.06,0.32999999999992724,74,31,43,0.419
116,1,Fingers Crossed,1740.73,0.16000000000008185,11,7,4,0.636
117,1,Flamengo,1740.57,0.8399999999999181,5,4,1,0.8
118,1,Renegades,1739.73,1.0299999999999727,4,4,0,1.0
119,1,CYBERSHOKE Prospects,1738.7,1.8099999999999454,49,29,20,0.592
120,1,BC.Game,1736.89,0.6600000000000819,103,48,55,0.466
121,1,Looking4Org,1736.23,1.25,3,3,0,1.0
122,1,LFO 4,1734.98,0.029999999999972715,3,3,0,1.0
123,1,2GAME,1734.95,1.150000000000091,5,3,2,0.6
124,1,WBT,1733.8,0.8999999999998636,23,16,7,0.696
125,1,Fluxo,1732.9,0.22000000000002728,104,55,49,0.529
126,1,TNT,1732.68,1.0299999999999727,9,7,2,0.778
127,1,Johnny Speeds,1731.65,0.17000000000007276,85,42,43,0.494
128,1,AM,1731.48,0.5299999999999727,65,35,30,0.538
129,1,ARCRED,1730.95,0.2799999999999727,117,61,56,0.521
130,1,ECSTATIC,1730.67,1.0199999999999818,57,24,33,0.421
131,1,Back to Back,1729.65,0.009999999999990905,5,4,1,0.8
132,1,Turma do Pagode,1729.64,0.3300000000001546,10,7,3,0.7
133,1,Revise,1729.31,0.05999999999994543,5,4,1,0.8
134,1,9INE,1729.25,1.6900000000000546,115,62,53,0.539
135,1,NEXVOID,1727.56,0.7200000000000273,41,25,16,0.61
136,1,5star,1726.84,4.819999999999936,33,20,13,0.606
137,1,Sangal,1722.02,0.2599999999999909,108,58,50,0.537
138,1,Marsborne,1721.76,2.589999999999918,113,72,41,0.637
139,1,EC Brugge,1719.17,0.4500000000000455,3,3,0,1.0
140,1,KOLESIE,1718.72,3.2000000000000455,57,28,29,0.491
141,1,INTZ,1715.52,1.150000000000091,8,6,2,0.75
142,1,CPH Wolves,1714.37,3.349999999999909,23,11,12,0.478
143,1,INFINITE,1711.02,2.3799999999998818,100,40,60,0.4
144,1,SPARTA,1708.64,1.4200000000000728,129,65,64,0.504
145,1,Oruga,1707.22,0.8500000000001364,3,2,1,0.667
146,1,Just Players,1706.37,0.10999999999989996,70,39,31,0.557
147,1,Lazarus,1706.26,0.2699999999999818,2,2,0,1.0
148,1,00NATION,1705.99,1.240000000000009,2,2,0,1.0
149,1,JOGA DE TERNO,1704.75,0.6600000000000819,3,3,0,1.0
150,1,Gaimin Gladiators,1704.09,2.3999999999998636,43,17,26,0.395
151,1,Black Phoenix,1701.69,2.3200000000001637,22,12,10,0.545
152,1,ONYX,1699.37,0.1899999999998272,2,2,0,1.0
153,1,Galorys,1699.18,1.7999999999999545,102,53,49,0.52
154,1,ThunderFlash,1697.38,0.3000000000001819,2,2,0,1.0
155,1,eLITenergy,1697.08,3.689999999999827,10,6,4,0.6
156,1,Young Ninjas,1693.39,0.18000000000006366,32,20,12,0.625
157,1,Ambush,1693.21,1.2899999999999636,2,2,0,1.0
158,1,NAVI Junior,1691.92,0.43000000000006366,100,62,38,0.62
159,1,Strife,1691.49,1.4800000000000182,2,2,0,1.0
160,1,ex-Enterprise,1690.01,1.3900000000001,2,2,0,1.0
161,1,bankaPEPSI,1688.62,0.5399999999999636,5,3,2,0.6
162,1,Infused,1688.08,0.5299999999999727,2,2,0,1.0
163,1,Truck Drivers,1687.55,0.7100000000000364,2,2,0,1.0
164,1,W7M,1686.84,1.449999999999818,2,2,0,1.0
165,1,Sprout,1685.39,2.75,2,2,0,1.0
166,1,OneTap,1682.64,0.7000000000000455,2,2,0,1.0
167,1,Rave,1681.94,0.6600000000000819,27,13,14,0.481
168,1,Olympus,1681.28,0.6199999999998909,2,2,0,1.0
169,1,The Neighbours,1680.66,0.4800000000000182,2,2,0,1.0
170,1,BET-M,1680.18,0.5600000000001728,70,37,33,0.529
171,1,ex-Zero Tenacity,1679.62,0.9899999999997817,104,50,54,0.481
172,1,passions,1678.63,0.37000000000011823,2,2,0,1.0
173,1,Astralis Talent,1678.26,1.2799999999999727,5,4,1,0.8
174,1,L4S,1676.98,0.4900000000000091,1,1,0,1.0
175,1,The Huns,1676.49,1.7000000000000455,102,61,41,0.598
176,1,Bushido Wildcats,1674.79,0.7200000000000273,95,50,45,0.526
177,1,illwill,1674.07,0.7899999999999636,58,30,28,0.517
178,1,Deep Cross,1673.28,0.8299999999999272,1,1,0,1.0
179,1,BRUTE,1672.45,0.4900000000000091,100,49,51,0.49
180,1,Kubix,1671.96,0.05999999999994543,2,2,0,1.0
181,1,EAC,1671.9,1.0600000000001728,39,19,20,0.487
182,1,Vitalem Aerem,1670.84,1.5299999999999727,1,1,0,1.0
183,1,QUAZAR,1669.31,0.1799999999998363,72,34,38,0.472
184,1,Gen.G,1669.13,0.6000000000001364,4,2,2,0.5
185,1,ENCE,1668.53,0.7000000000000455,116,62,54,0.534
186,1,RBLS,1667.83,0.2999999999999545,43,23,20,0.535
187,1,SC,1667.53,2.3599999999999,2,2,0,1.0
188,1,benched gods,1665.17,0.5,27,16,11,0.593
189,1,UNiTY,1664.67,0.4600000000000364,110,55,55,0.5
190,1,ex-Flame Sharks,1664.21,0.13000000000010914,3,2,1,0.667
191,1,Swingers,1664.08,0.35999999999989996,2,2,0,1.0
192,1,Copenhagen Flames,1663.72,0.5699999999999363,2,2,0,1.0
193,1,SportsBetExpert,1663.15,0.6800000000000637,50,29,21,0.58
194,1,ECLOT,1662.47,0.12000000000011823,32,13,19,0.406
195,1,Bounty Hunters,1662.35,0.12999999999988177,113,63,50,0.558
196,1,Astrum,1662.22,1.0699999999999363,6,3,3,0.5
197,1,HYPERSPIRIT,1661.15,1.2000000000000455,100,43,57,0.43
198,1,FAVBET,1659.95,1.7200000000000273,56,24,32,0.429
199,1,Enjoy,1658.23,0.900000000000091,38,23,15,0.605
200,1,Northern Lights,1657.33,0.5499999999999545,2,2,0,1.0
201,1,RUSTEC,1656.78,0.01999999999998181,27,14,13,0.519
202,1,MAD Lions,1656.76,0.2300000000000182,2,2,0,1.0
203,1,Marius,1656.53,0.4600000000000364,3,2,1,0.667
204,1,The QUBE,1656.07,0.14999999999986358,8,4,4,0.5
205,1,Tropa do Taco,1655.92,0.15000000000009095,2,2,0,1.0
206,1,TNC,1655.77,0.7599999999999909,26,14,12,0.538
207,1,sunday school,1655.01,1.5799999999999272,3,3,0,1.0
208,1,Ground Zero,1653.43,0.5099999999999909,102,56,46,0.549
209,1,ATK,1652.92,0.2599999999999909,5,4,1,0.8
210,1,Keyd Stars,1652.66,1.400000000000091,109,57,52,0.523
211,1,cowana,1651.26,0.40000000000009095,2,2,0,1.0
212,1,Imperial Academy,1650.86,0.6999999999998181,5,3,2,0.6
213,1,ALGO,1650.16,1.75,36,17,19,0.472
214,1,BAKS,1648.41,0.7200000000000273,30,14,16,0.467
215,1,Lavked,1647.69,1.3500000000001364,93,53,40,0.57
216,1,Endpoint,1646.34,1.6399999999998727,8,5,3,0.625
217,1,Ovoshi,1644.7,0.11000000000012733,2,2,0,1.0
218,1,Bravado,1644.59,0.4800000000000182,2,2,0,1.0
219,1,OLDBOYS PL,1644.11,0.9699999999997999,13,9,4,0.692
220,1,Preasy Mix,1643.14,1.150000000000091,4,3,1,0.75
221,1,BASEMENT BOYS,1641.99,0.01999999999998181,106,47,59,0.443
222,1,StoichkovPeek,1641.97,1.2899999999999636,1,1,0,1.0
223,1,Davenport University,1640.68,1.5299999999999727,2,2,0,1.0
224,1,Fire Flux,1639.15,0.13000000000010914,103,56,47,0.544
225,1,Impossible,1639.02,0.16000000000008185,2,2,0,1.0
226,1,Take Flyte,1638.86,0.34999999999990905,12,8,4,0.667
227,1,SKYFURY,1638.51,1.25,4,2,2,0.5
228,1,Venom,1637.26,1.0299999999999727,19,7,12,0.368
229,1,Rune Eaters,1636.23,0.08999999999991815,90,42,48,0.467
230,1,NOVAQ,1636.14,1.8700000000001182,101,50,51,0.495
231,1,Off Site,1634.27,0.2999999999999545,1,1,0,1.0
232,1,Leo,1633.97,0.4800000000000182,108,58,50,0.537
233,1,Isurus,1633.49,0.05999999999994543,101,55,46,0.545
234,1,4glory,1633.43,0.11000000000012733,1,1,0,1.0
235,1,Partizan,1633.32,0.6099999999999,107,52,55,0.486
236,1,G2 Ares,1632.71,0.40000000000009095,101,54,47,0.535
237,1,Basement Bobs,1632.31,0.8199999999999363,5,3,2,0.6
238,1,Concept Cult,1631.49,0.2899999999999636,1,1,0,1.0
239,1,VP.Prodigy,1631.2,0.5099999999999909,31,15,16,0.484
240,1,Chinggis Warriors,1630.69,0.029999999999972715,101,55,46,0.545
241,1,FLuffy Gangsters,1630.66,0.790000000000191,1,1,0,1.0
242,1,Betera,1629.87,0.05999999999994543,26,9,17,0.346
243,1,INDE IRAE,1629.81,0.8199999999999363,1,1,0,1.0
244,1,Fake do Biru,1628.99,1.5499999999999545,59,27,32,0.458
245,1,Run or Die,1627.44,0.5599999999999454,1,1,0,1.0
246,1,Ryvex,1626.88,0.6200000000001182,1,1,0,1.0
247,1,Party Astronauts,1626.26,0.05999999999994543,7,5,2,0.714
248,1,fish123,1626.2,1.9300000000000637,3,2,1,0.667
249,1,EPG Family,1624.27,0.2699999999999818,2,1,1,0.5
250,1,Oxuji,1624.0,1.2200000000000273,49,18,31,0.367
251,1,K23,1622.78,0.2899999999999636,1,1,0,1.0
252,1,Tranquillum,1622.49,0.03999999999996362,1,1,0,1.0
253,1,Unique,1622.45,0.049999999999954525,1,1,0,1.0
254,1,Yawara,1622.4,0.22000000000002728,104,54,50,0.519
255,1,Bravos,1622.18,0.2799999999999727,1,1,0,1.0
256,1,Theboyz,1621.9,0.009999999999990905,1,1,0,1.0
257,1,Alter Ego,1621.89,0.900000000000091,13,4,9,0.308
258,1,TAG,1620.99,0.6700000000000728,1,1,0,1.0
259,1,Paranoid,1620.32,0.8599999999999,1,1,0,1.0
260,1,GKC,1619.46,0.14000000000010004,1,1,0,1.0
261,1,Undone,1619.32,0.2699999999999818,1,1,0,1.0
262,1,Born in Mongolia,1619.05,0.2599999999999909,1,1,0,1.0
263,1,Fluxo Demons,1618.79,0.13999999999987267,9,7,2,0.778
264,1,moneytrees,1618.65,0.3300000000001546,1,1,0,1.0
265,1,Serbia,1618.32,0.12999999999988177,1,1,0,1.0
266,1,Xiaoma,1618.19,0.12000000000011823,1,1,0,1.0
267,1,FUSION,1618.07,0.4500000000000455,1,1,0,1.0
268,1,POLET,1617.62,0.2199999999997999,1,1,0,1.0
269,1,PGE Turow,1617.4,0.5600000000001728,1,1,0,1.0
270,1,Cloud 10,1616.84,0.08999999999991815,1,1,0,1.0
271,1,Furious,1616.75,0.21000000000003638,1,1,0,1.0
272,1,AaB,1616.54,0.0,55,26,29,0.473
273,1,Paquetá,1616.54,0.32999999999992724,1,1,0,1.0
274,1,Patins da Ferrari,1616.21,0.06999999999993634,75,33,42,0.44
275,1,KG Network,1616.14,1.050000000000182,1,1,0,1.0
276,1,ROSY,1615.09,0.4499999999998181,1,1,0,1.0
277,1,HYDRA,1614.64,0.3100000000001728,1,1,0,1.0
278,1,Forward,1614.33,0.2400000000000091,1,1,0,1.0
279,1,Badass,1614.09,0.7899999999999636,1,1,0,1.0
280,1,HellRaisers,1613.3,0.009999999999990905,1,1,0,1.0
281,1,Young Gods,1613.29,0.2300000000000182,1,1,0,1.0
282,1,BEE,1613.06,0.2899999999999636,5,3,2,0.6
283,1,Reason,1612.77,0.029999999999972715,1,1,0,1.0
284,1,Skinsauna,1612.74,0.07999999999992724,1,1,0,1.0
285,1,ASTRAL,1612.66,0.2300000000000182,105,52,53,0.495
286,1,Kintsugi,1612.43,0.049999999999954525,1,1,0,1.0
287,1,undefined,1612.38,0.0500000000001819,1,1,0,1.0
288,1,VELOX,1612.33,0.0,4,3,1,0.75
289,1,Exalty,1612.33,0.049999999999954525,1,1,0,1.0
290,1,Websterz,1612.28,1.6199999999998909,3,2,1,0.667
291,1,Grayhound,1610.66,0.9500000000000455,2,2,0,1.0
292,1,Enterprise,1609.71,0.06999999999993634,1,1,0,1.0
293,1,okura,1609.64,0.13000000000010914,1,1,0,1.0
294,1,XPERION NXT,1609.51,1.4100000000000819,1,1,0,1.0
295,1,ProCamp,1608.1,0.5699999999999363,1,1,0,1.0
296,1,NADE,1607.53,0.22000000000002728,3,1,2,0.333
297,1,Jeeves,1607.31,0.22000000000002728,2,2,0,1.0
298,1,BuzzKill,1607.09,0.07999999999992724,1,1,0,1.0
299,1,ex-W7M,1607.01,0.19000000000005457,5,2,3,0.4
300,1,PsychoFace,1606.82,0.14999999999986358,33,13,20,0.394
301,1,Rare Atom,1606.67,0.10000000000013642,41,13,28,0.317
302,1,ex-UHKA,1606.57,0.1799999999998363,1,1,0,1.0
303,1,TRAFFIC Tashkent,1606.39,0.4700000000000273,1,1,0,1.0
304,1,NEVERMORE,1605.92,0.0500000000001819,1,1,0,1.0
305,1,SELVA,1605.87,0.08999999999991815,2,1,1,0.5
306,1,GTZ,1605.78,0.42000000000007276,2,1,1,0.5
307,1,SinnerS,1605.36,0.05999999999994543,1,1,0,1.0
308,1,Apeks,1605.3,1.1900000000000546,1,1,0,1.0
309,1,BLVKHVND,1604.11,0.03999999999996362,1,1,0,1.0
310,1,Fisher College,1604.07,0.10999999999989996,87,43,44,0.494
311,1,TBO,1603.96,0.03999999999996362,1,1,0,1.0
312,1,Delta,1603.92,0.3100000000001728,1,1,0,1.0
313,1,Hellslayers,1603.61,0.09999999999990905,1,1,0,1.0
314,1,DMS,1603.51,0.20000000000004547,1,1,0,1.0
315,1,RUSH B,1603.31,0.09999999999990905,8,3,5,0.375
316,1,Leça,1603.21,0.09000000000014552,2,1,1,0.5
317,1,Imported Talent,1603.12,0.209999999999809,1,1,0,1.0
318,1,DomiNation,1602.91,0.08000000000015461,1,1,0,1.0
319,1,FORZE Reload,1602.83,0.1799999999998363,108,54,54,0.5
320,1,2070,1602.65,0.650000000000091,1,1,0,1.0
321,1,Lewandownskie,1602.0,0.09999999999990905,1,1,0,1.0
322,1,SuperMassive,1601.9,0.22000000000002728,1,1,0,1.0
323,1,The Prodigies,1601.68,0.4500000000000455,1,1,0,1.0
324,1,FAMBIT,1601.23,1.1900000000000546,1,1,0,1.0
325,1,NYX,1600.04,0.7699999999999818,1,1,0,1.0
326,1,sYnck,1599.27,0.41000000000008185,1,1,0,1.0
327,1,BIG Academy,1598.86,0.4199999999998454,102,53,49,0.52
328,1,RAPTORS EC,1598.44,0.0,1,1,0,1.0
329,1,LPH,1598.44,0.9600000000000364,21,11,10,0.524
330,1,ex-1win,1597.48,0.029999999999972715,2,1,1,0.5
331,1,Elevate,1597.45,0.6100000000001273,1,1,0,1.0
332,1,Lazer Cats,1596.84,0.35999999999989996,100,36,64,0.36
333,1,BOSS,1596.48,0.2799999999999727,47,22,25,0.468
334,1,Fantastic Seven,1596.2,0.41000000000008185,1,1,0,1.0
335,1,BORRACHEIROS,1595.79,0.03999999999996362,12,7,5,0.583
336,1,EXO,1595.75,0.5899999999999181,1,1,0,1.0
337,1,X,1595.16,0.12000000000011823,1,1,0,1.0
338,1,Smoke,1595.04,0.6499999999998636,1,1,0,1.0
339,1,mixbanan,1594.39,0.6700000000000728,1,1,0,1.0
340,1,DBL PONEY,1593.72,0.18000000000006366,1,1,0,1.0
341,1,LEON,1593.54,0.009999999999990905,1,1,0,1.0
342,1,Chicken Coop,1593.53,0.38999999999987267,100,46,54,0.46
343,1,GET BDOG'D,1593.14,0.40000000000009095,1,1,0,1.0
344,1,PENTA,1592.74,0.38000000000010914,1,1,0,1.0
345,1,OFFSET,1592.36,0.30999999999994543,1,1,0,1.0
346,1,The Glecs,1592.05,0.09999999999990905,6,3,3,0.5
347,1,shrekas,1591.95,0.25,1,1,0,1.0
348,1,Chaos,1591.7,0.6000000000001364,6,2,4,0.333
349,1,Galaxy Racer,1591.1,0.01999999999998181,1,1,0,1.0
350,1,BLINK,1591.08,0.2400000000000091,1,1,0,1.0
351,1,NXT,1590.84,0.22000000000002728,1,1,0,1.0
352,1,Chetz,1590.62,0.5199999999999818,1,1,0,1.0
353,1,The Fundamentals,1590.1,0.7199999999997999,1,1,0,1.0
354,1,Rogue,1589.38,0.2300000000000182,1,1,0,1.0
355,1,Vexar,1589.15,0.5500000000001819,31,17,14,0.548
356,1,ALKA,1588.6,0.37999999999988177,34,18,16,0.529
357,1,FengDa,1588.22,0.6100000000001273,14,6,8,0.429
358,1,FTW,1587.61,0.16999999999984539,3,2,1,0.667
359,1,Mousquetaires,1587.44,0.0,16,7,9,0.438
360,1,LaChampionsLiga,1587.44,0.19000000000005457,4,3,1,0.75
361,1,iNTACT,1587.25,0.43000000000006366,1,1,0,1.0
362,1,Liberty fe,1586.82,0.2400000000000091,1,1,0,1.0
363,1,STATE,1586.58,0.33999999999991815,70,36,34,0.514
364,1,NAVI Javelins,1586.24,0.13000000000010914,1,1,0,1.0
365,1,Vendetta,1586.11,0.4399999999998272,1,1,0,1.0
366,1,Complexity,1585.67,0.0,16,6,10,0.375
367,1,TÓR,1585.67,0.08000000000015461,1,1,0,1.0
368,1,Meteor,1585.59,0.049999999999954525,1,1,0,1.0
369,1,rottweilers,1585.54,0.25,13,7,6,0.538
370,1,ReThink,1585.29,0.18000000000006366,22,10,12,0.455
371,1,ENDGAME,1585.11,0.4299999999998363,1,1,0,1.0
372,1,SAW,1584.68,1.0499999999999545,104,50,54,0.481
373,1,Case,1583.63,0.22000000000002728,3,2,1,0.667
374,1,Prestige,1583.41,0.25,58,27,31,0.466
375,1,MINLATE,1583.16,0.3400000000001455,21,8,13,0.381
376,1,regain,1582.82,0.36999999999989086,100,51,49,0.51
377,1,zARLANS,1582.45,0.0,1,1,0,1.0
378,1,HAVU,1582.45,1.0599999999999454,103,48,55,0.466
379,1,Rocket,1581.39,0.7300000000000182,1,1,0,1.0
380,1,Honvéd,1580.66,0.13000000000010914,62,36,26,0.581
381,1,4US,1580.53,0.38999999999987267,1,1,0,1.0
382,1,Electrify Steel,1580.14,0.6000000000001364,1,1,0,1.0
383,1,PSYCHOACTIVE,1579.54,0.07999999999992724,1,1,0,1.0
384,1,Nexus,1579.46,0.30999999999994543,117,51,66,0.436
385,1,América,1579.15,0.5199999999999818,1,1,0,1.0
386,1,900FPSvsECO,1578.63,0.07000000000016371,1,1,0,1.0
387,1,VERTEX,1578.56,0.3999999999998636,1,1,0,1.0
388,1,Vexilla,1578.16,0.2400000000000091,1,1,0,1.0
389,1,EG White,1577.92,0.08000000000015461,1,1,0,1.0
390,1,ex-TALON,1577.84,0.1899999999998272,3,2,1,0.667
391,1,Bad News Kangaroos,1577.65,0.060000000000172804,10,8,2,0.8
392,1,FOLHA AMARELA,1577.59,0.22000000000002728,24,12,12,0.5
393,1,UNO MILLE,1577.37,0.4099999999998545,102,53,49,0.52
394,1,Spartak,1576.96,0.009999999999990905,1,1,0,1.0
395,1,MOUZ NXT,1576.95,0.0,117,57,60,0.487
396,1,Endless Journey,1576.95,0.7699999999999818,34,17,17,0.5
397,1,Omega,1576.18,0.17000000000007276,100,47,53,0.47
398,1,ASPYRE,1576.01,0.05999999999994543,4,2,2,0.5
399,1,caffeine marauders,1575.95,1.650000000000091,1,1,0,1.0
400,1,The Last Resort,1574.3,0.4800000000000182,83,42,41,0.506
401,1,Mercenaires,1573.82,0.13999999999987267,1,1,0,1.0
402,1,Outfit 49,1573.68,0.09000000000014552,16,8,8,0.5
403,1,PCIFIC,1573.59,0.34999999999990905,20,9,11,0.45
404,1,Kaleido,1573.24,0.9200000000000728,41,21,20,0.512
405,1,Make Your Mind,1572.32,0.05999999999994543,1,1,0,1.0
406,1,Västerås,1572.26,0.5599999999999454,2,1,1,0.5
407,1,yunglean,1571.7,0.05999999999994543,2,1,1,0.5
408,1,Spectre,1571.64,0.19000000000005457,1,1,0,1.0
409,1,Roler Coaster,1571.45,0.25,2,1,1,0.5
410,1,AMKAL,1571.2,0.06999999999993634,18,8,10,0.444
411,1,iNation,1571.13,0.040000000000190994,3,2,1,0.667
412,1,Rolling Stone,1571.09,1.0499999999999545,1,1,0,1.0
413,1,Arrival Seven,1570.04,0.01999999999998181,1,1,0,1.0
414,1,los kogutos,1570.02,0.2400000000000091,51,22,29,0.431
415,1,DRILLAS,1569.78,0.8299999999999272,2,1,1,0.5
416,1,MAYBE,1568.95,0.03999999999996362,6,3,3,0.5
417,1,KRÜ,1568.91,1.4300000000000637,18,7,11,0.389
418,1,Noir Verse,1567.48,1.0499999999999545,29,14,15,0.483
419,1,my life be like,1566.43,0.9300000000000637,1,1,0,1.0
420,1,DASH,1565.5,0.17000000000007276,10,5,5,0.5
421,1,Let's go golfing,1565.33,0.009999999999990905,1,1,0,1.0
422,1,Biryani,1565.32,0.15999999999985448,1,1,0,1.0
423,1,WildLotus,1565.16,0.290000000000191,2,1,1,0.5
424,1,OMiT,1564.87,0.37999999999988177,1,1,0,1.0
425,1,Aurora Young Blud,1564.49,0.650000000000091,18,8,10,0.444
426,1,ENCE Academy,1563.84,0.05999999999994543,38,17,21,0.447
427,1,SABRE,1563.78,0.029999999999972715,2,1,1,0.5
428,1,ScarX,1563.75,0.2400000000000091,1,1,0,1.0
429,1,Asterius,1563.51,0.12999999999988177,1,1,0,1.0
430,1,Freaky Saturday,1563.38,0.03000000000020009,1,1,0,1.0
431,1,straykids,1563.35,0.14999999999986358,1,1,0,1.0
432,1,Kappa Bar,1563.2,1.8800000000001091,1,1,0,1.0
433,1,WATERMELON,1561.32,0.14999999999986358,6,2,4,0.333
434,1,Stirlzs Angels,1561.17,0.18000000000006366,1,1,0,1.0
435,1,Falcons Force,1560.99,0.12000000000011823,34,13,21,0.382
436,1,GoodGame Club,1560.87,1.9799999999997908,2,1,1,0.5
437,1,Hesta,1558.89,0.8700000000001182,4,2,2,0.5
438,1,MANA,1558.02,1.099999999999909,49,19,30,0.388
439,1,MIGHT,1556.92,0.3100000000001728,9,5,4,0.556
440,1,NITRO,1556.61,0.459999999999809,3,2,1,0.667
441,1,Mavrek,1556.15,0.10000000000013642,4,2,2,0.5
442,1,SHISHKA,1556.05,0.14999999999986358,5,2,3,0.4
443,1,m0nSt3rS,1555.9,0.4900000000000091,1,1,0,1.0
444,1,Inner Circle Academy,1555.41,2.4200000000000728,50,24,26,0.48
445,1,Morningstar,1552.99,0.5399999999999636,7,2,5,0.286
446,1,Nigma Galaxy,1552.45,1.240000000000009,3,2,1,0.667
447,1,preanus,1551.21,0.25,1,1,0,1.0
448,1,NSN,1550.96,0.8500000000001364,5,2,3,0.4
449,1,FPL-CTalents,1550.11,0.2199999999997999,1,1,0,1.0
450,1,Drip Too Hard,1549.89,0.03000000000020009,2,1,1,0.5
451,1,One For All,1549.86,0.599999999999909,1,1,0,1.0
452,1,ex-Chicken Coop,1549.26,0.6600000000000819,2,1,1,0.5
453,1,UHKA,1548.6,1.6499999999998636,1,1,0,1.0
454,1,RED Canids Academy,1546.95,0.7000000000000455,6,3,3,0.5
455,1,LAG,1546.25,0.5,109,64,45,0.587
456,1,Luminosity,1545.75,0.2699999999999818,100,39,61,0.39
457,1,IHC,1545.48,1.0,7,3,4,0.429
458,1,BMZ,1544.48,0.4900000000000091,13,4,9,0.308
459,1,K28,1543.99,2.160000000000082,3,1,2,0.333
460,1,GameAgents,1541.83,1.1499999999998636,2,1,1,0.5
461,1,Snakes Den,1540.68,0.14000000000010004,3,2,1,0.667
462,1,Sampi,1540.54,0.4099999999998545,6,3,3,0.5
463,1,Hashiras,1540.13,0.17000000000007276,26,11,15,0.423
464,1,Alter Iron,1539.96,0.029999999999972715,3,2,1,0.667
465,1,TSM,1539.93,3.0499999999999545,2,1,1,0.5
466,1,The Night Club,1536.88,0.07000000000016371,3,2,1,0.667
467,1,Binary Dragons,1536.81,0.5899999999999181,3,2,1,0.667
468,1,ARCTIC,1536.22,1.6000000000001364,2,1,1,0.5
469,1,Permitta,1534.62,0.13999999999987267,103,47,56,0.456
470,1,B4 fe,1534.48,1.0199999999999818,3,2,1,0.667
471,1,InControl,1533.46,0.2999999999999545,28,12,16,0.429
472,1,Bebop,1533.16,0.15000000000009095,108,55,53,0.509
473,1,Moneyball,1533.01,1.9100000000000819,2,1,1,0.5
474,1,ALTERNATE aTTaX,1531.1,0.2999999999999545,4,2,2,0.5
475,1,Atreides,1530.8,0.14999999999986358,76,39,37,0.513
476,1,DEPO,1530.65,0.09000000000014552,54,30,24,0.556
477,1,bond1e,1530.56,0.6900000000000546,4,2,2,0.5
478,1,Boston crab,1529.87,0.8299999999999272,2,1,1,0.5
479,1,DETONATE,1529.04,1.0699999999999363,6,4,2,0.667
480,1,benched,1527.97,0.8199999999999363,2,1,1,0.5
481,1,CLG Red,1527.15,0.3000000000001819,3,2,1,0.667
482,1,Petardka,1526.85,0.8199999999999363,2,1,1,0.5
483,1,brazylijski luz,1526.03,0.4500000000000455,29,10,19,0.345
484,1,Abyssal,1525.58,0.4299999999998363,41,22,19,0.537
485,1,XPC,1525.15,0.2599999999999909,2,1,1,0.5
486,1,Levadia,1524.89,0.19000000000005457,2,1,1,0.5
487,1,Iowa Stormboar,1524.7,0.22000000000002728,9,4,5,0.444
488,1,insane players,1524.48,0.18000000000006366,2,1,1,0.5
489,1,GANK,1524.3,2.7200000000000273,9,4,5,0.444
490,1,Mythic,1521.58,0.2899999999999636,18,8,10,0.444
491,1,aimclub,1521.29,0.8099999999999454,77,33,44,0.429
492,1,eUnited,1520.48,0.6800000000000637,7,4,3,0.571
493,1,kONO,1519.8,1.009999999999991,32,11,21,0.344
494,1,HEET,1518.79,1.2300000000000182,2,1,1,0.5
495,1,PACT,1517.56,4.779999999999973,2,1,1,0.5
496,1,KS,1512.78,0.049999999999954525,2,1,1,0.5
497,1,NIP Impact,1512.73,0.34999999999990905,4,2,2,0.5
498,1,VEXA,1512.38,1.0800000000001546,13,7,6,0.538
499,1,QUINTESSÊNCIA,1511.3,0.6199999999998909,8,4,4,0.5
500,1,ex-MANA,1510.68,0.8500000000001364,30,13,17,0.433
501,1,ex-Aether,1509.83,0.31999999999993634,2,1,1,0.5
502,1,Let us cook,1509.51,0.25,2,1,1,0.5
503,1,Daaku,1509.26,0.01999999999998181,2,1,1,0.5
504,1,Pulse,1509.24,0.6300000000001091,2,1,1,0.5
505,1,FULL SEND,1508.61,0.5,4,2,2,0.5
506,1,Stay Frosty,1508.11,0.4499999999998181,2,1,1,0.5
507,1,Entropy,1507.66,0.16000000000008185,74,33,41,0.446
508,1,Mindfreak,1507.5,0.0,119,66,53,0.555
509,1,SAW Youngsters,1507.5,0.5599999999999454,39,18,21,0.462
510,1,Rooster,1506.94,0.9700000000000273,113,65,48,0.575
511,1,SUPER EVIL GANG,1505.97,0.32999999999992724,4,2,2,0.5
512,1,TeamOne,1505.64,0.14000000000010004,5,2,3,0.4
513,1,HONORIS,1505.5,0.5399999999999636,2,1,1,0.5
514,1,Legacy Kingdom,1504.96,0.049999999999954525,2,1,1,0.5
515,1,9BOOMPRO,1504.91,1.259999999999991,10,3,7,0.3
516,1,Rhyno,1503.65,1.290000000000191,3,1,2,0.333
517,1,MIBR Academy,1502.36,0.05999999999994543,55,20,35,0.364
518,1,Volt,1502.3,1.0599999999999454,7,3,4,0.429
519,1,Denial,1501.24,0.6300000000001091,2,1,1,0.5
520,1,Dziuseppe,1500.61,1.5599999999999454,3,1,2,0.333
521,1,NEW VISION,1499.05,0.31999999999993634,34,15,19,0.441
522,1,cirahvi,1498.73,0.34999999999990905,2,1,1,0.5
523,1,TALON,1498.38,1.4700000000000273,3,1,2,0.333
524,1,PRIME,1496.91,0.14000000000010004,5,2,3,0.4
525,1,Haunted House,1496.77,0.7899999999999636,6,2,4,0.333
526,1,Last Bullet,1495.98,0.33999999999991815,9,3,6,0.333
527,1,Lycus Empire,1495.64,0.020000000000209184,2,1,1,0.5
528,1,Dusty Roots,1495.62,0.38999999999987267,12,4,8,0.333
529,1,Spacestation,1495.23,0.05999999999994543,2,1,1,0.5
530,1,japczany,1495.17,0.3100000000001728,3,1,2,0.333
531,1,ex-FUT Academy,1494.86,0.5499999999999545,2,1,1,0.5
532,1,Four Magic,1494.31,0.07999999999992724,5,1,4,0.2
533,1,Clutchain,1494.23,0.9300000000000637,4,1,3,0.25
534,1,Misa,1493.3,0.07999999999992724,81,35,46,0.432
535,1,MCS,1493.22,0.19000000000005457,2,1,1,0.5
536,1,GameHunters,1493.03,1.0499999999999545,50,16,34,0.32
537,1,yngods,1491.98,0.05999999999994543,9,4,5,0.444
538,1,TTC,1491.92,0.5800000000001546,2,1,1,0.5
539,1,Coalesce,1491.34,1.8999999999998636,84,41,43,0.488
540,1,roamsfiest,1489.44,1.240000000000009,4,2,2,0.5
541,1,Boca Juniors,1488.2,0.14000000000010004,2,1,1,0.5
542,1,Prison Breakers,1488.06,2.1399999999998727,5,2,3,0.4
543,1,Anonymo,1485.92,0.9100000000000819,5,2,3,0.4
544,1,Feenix,1485.01,0.05999999999994543,2,1,1,0.5
545,1,5Actors,1484.95,0.6700000000000728,5,1,4,0.2
546,1,DEFEATERS,1484.28,0.2899999999999636,2,1,1,0.5
547,1,HubaBuba,1483.99,0.7599999999999909,3,1,2,0.333
548,1,Red Wolves,1483.23,0.01999999999998181,2,1,1,0.5
549,1,Memeories,1483.21,0.2599999999999909,5,2,3,0.4
550,1,Victorum,1482.95,2.1200000000001182,2,1,1,0.5
551,1,Arch,1480.83,2.740000000000009,7,3,4,0.429
552,1,FC Dynamo Kyiv,1478.09,0.5299999999999727,1,0,1,0.0
553,1,Magic School Bus,1477.56,0.5799999999999272,2,1,1,0.5
554,1,Phantom Academy,1476.98,0.9100000000000819,16,7,9,0.438
555,1,DRGN,1476.07,1.0399999999999636,4,1,3,0.25
556,1,Viperio,1475.03,0.19000000000005457,7,3,4,0.429
557,1,Wingman,1474.84,0.05999999999994543,8,4,4,0.5
558,1,cswalkers,1474.78,2.2100000000000364,3,1,2,0.333
559,1,Monte Gen,1472.57,0.9299999999998363,3,1,2,0.333
560,1,GUESS,1471.64,0.540000000000191,3,1,2,0.333
561,1,Vagrants,1471.1,0.7899999999999636,3,1,2,0.333
562,1,GOOD GAME SPOT,1470.31,0.6799999999998363,1,0,1,0.0
563,1,Dark Knight,1469.63,0.7100000000000364,1,0,1,0.0
564,1,Tsunami,1468.92,0.44000000000005457,2,1,1,0.5
565,1,Kraken Seas,1468.48,0.2799999999999727,1,0,1,0.0
566,1,Incognito,1468.2,0.5199999999999818,1,0,1,0.0
567,1,Just Swing,1467.68,0.12000000000011823,10,3,7,0.3
568,1,The Bardolphs,1467.56,0.029999999999972715,2,1,1,0.5
569,1,low cortisol,1467.53,0.25,1,0,1,0.0
570,1,Verstappen peek,1467.28,0.44000000000005457,1,0,1,0.0
571,1,inSanitY fe,1466.84,0.36999999999989086,2,1,1,0.5
572,1,BUHAWI,1466.47,0.5599999999999454,2,1,1,0.5
573,1,WINNERS,1465.91,0.5500000000001819,1,0,1,0.0
574,1,HEROIC Academy,1465.36,0.09999999999990905,43,14,29,0.326
575,1,Fuzos,1465.26,0.41000000000008185,13,5,8,0.385
576,1,Sangrija,1464.85,0.09999999999990905,1,0,1,0.0
577,1,MASONIC,1464.75,0.03999999999996362,60,17,43,0.283
578,1,z to forward,1464.71,0.41000000000008185,1,0,1,0.0
579,1,modeame,1464.3,0.12999999999988177,1,0,1,0.0
580,1,MAJOR WINNERS,1464.17,0.19000000000005457,1,0,1,0.0
581,1,Karma,1463.98,0.19000000000005457,2,1,1,0.5
582,1,EG Gold,1463.79,0.37999999999988177,2,1,1,0.5
583,1,NIO,1463.41,0.14000000000010004,1,0,1,0.0
584,1,ROCEAN,1463.27,0.35999999999989996,1,0,1,0.0
585,1,SKDC,1462.91,0.040000000000190994,1,0,1,0.0
586,1,Foxtrot,1462.87,0.37999999999988177,1,0,1,0.0
587,1,West Coast Grinders,1462.49,0.35999999999989996,1,0,1,0.0
588,1,GENKID4M4,1462.13,0.4900000000000091,2,1,1,0.5
589,1,Gluck,1461.64,0.2300000000000182,1,0,1,0.0
590,1,Animus Victoria,1461.41,0.060000000000172804,10,4,6,0.4
591,1,GR,1461.35,1.6199999999998909,1,0,1,0.0
592,1,Starlinks,1459.73,0.029999999999972715,1,0,1,0.0
593,1,powerFinesse,1459.7,0.09000000000014552,1,0,1,0.0
594,1,ex-Sashi Academy,1459.61,0.03999999999996362,7,3,4,0.429
595,1,Bpro,1459.57,0.14999999999986358,3,1,2,0.333
596,1,NinJa,1459.42,0.14000000000010004,1,0,1,0.0
597,1,USA,1459.28,1.0799999999999272,1,0,1,0.0
598,1,Glitchtech,1458.2,0.2899999999999636,1,0,1,0.0
599,1,9z Academy,1457.91,0.6900000000000546,4,2,2,0.5
600,1,Ducky Momo Squad,1457.22,0.30999999999994543,1,0,1,0.0
601,1,Sensation,1456.91,0.11000000000012733,5,1,4,0.2
602,1,REM,1456.8,0.5599999999999454,1,0,1,0.0
603,1,Derpy diamond dudes,1456.24,0.07999999999992724,1,0,1,0.0
604,1,Legion,1456.16,0.15000000000009095,7,2,5,0.286
605,1,EHISTO BASE,1456.01,0.2699999999999818,1,0,1,0.0
606,1,Passion Chicha,1455.74,0.35999999999989996,1,0,1,0.0
607,1,REVENIX,1455.38,0.2700000000002092,1,0,1,0.0
608,1,No Radar,1455.11,0.05999999999994543,1,0,1,0.0
609,1,Shanghai Sharks,1455.05,0.01999999999998181,1,0,1,0.0
610,1,Steel Helmet,1455.03,0.09999999999990905,1,0,1,0.0
611,1,ATOMIK,1454.93,0.8100000000001728,1,0,1,0.0
612,1,WAZABI,1454.12,0.07999999999992724,9,3,6,0.333
613,1,Eh,1454.04,0.37999999999988177,1,0,1,0.0
614,1,Walk The Talk,1453.66,0.7200000000000273,1,0,1,0.0
615,1,TokyoSavage,1452.94,1.0199999999999818,1,0,1,0.0
616,1,Virtual Cottage,1451.92,0.01999999999998181,2,1,1,0.5
617,1,NIP Legends,1451.9,0.7599999999999909,1,0,1,0.0
618,1,MANTRA,1451.14,0.11000000000012733,5,3,2,0.6
619,1,PURE,1451.03,0.31999999999993634,16,6,10,0.375
620,1,WOLF,1450.71,0.01999999999998181,1,0,1,0.0
621,1,RBG,1450.69,0.5700000000001637,1,0,1,0.0
622,1,11mins,1450.12,0.5499999999999545,3,1,2,0.333
623,1,BULGARIAPEEK,1449.57,1.0699999999999363,1,0,1,0.0
624,1,Hemmaplan,1448.5,0.22000000000002728,1,0,1,0.0
625,1,lafox,1448.28,0.7000000000000455,1,0,1,0.0
626,1,B8 Academy,1447.58,1.0799999999999272,7,3,4,0.429
627,1,ALLINNERS,1446.5,0.029999999999972715,34,11,23,0.324
628,1,playersclub,1446.47,0.029999999999972715,7,2,5,0.286
629,1,moneyF,1446.44,0.75,1,0,1,0.0
630,1,Void Sentinels,1445.69,0.01999999999998181,1,0,1,0.0
631,1,Palace,1445.67,0.08000000000015461,1,0,1,0.0
632,1,Triumph,1445.59,0.2899999999999636,2,0,1,0.0
633,1,MUERTA,1445.3,0.08999999999991815,4,1,3,0.25
634,1,Wings of Freedom,1445.21,0.20000000000004547,1,0,1,0.0
635,1,MANGANESE,1445.01,0.5399999999999636,1,0,1,0.0
636,1,Take Me Away,1444.47,0.06999999999993634,1,0,1,0.0
637,1,MAKING HISTORY,1444.4,0.12000000000011823,2,1,1,0.5
638,1,OUTPLAYED,1444.28,0.9600000000000364,1,0,1,0.0
639,1,HAFO,1443.32,1.2100000000000364,1,0,1,0.0
640,1,M1X KS,1442.11,0.2799999999999727,10,3,7,0.3
641,1,descalco na neve,1441.83,0.4299999999998363,1,0,1,0.0
642,1,VODKA,1441.4,0.25,1,0,1,0.0
643,1,Mindgamer,1441.15,0.8300000000001546,1,0,1,0.0
644,1,Club 333,1440.32,0.12999999999988177,10,4,6,0.4
645,1,Just Passing By,1440.19,0.11000000000012733,1,0,1,0.0
646,1,Wampirki,1440.08,0.2699999999999818,3,1,2,0.333
647,1,HAWAII,1439.81,0.029999999999972715,1,0,1,0.0
648,1,ex-SABRE,1439.78,0.43000000000006366,1,0,1,0.0
649,1,Space,1439.35,0.05999999999994543,5,2,3,0.4
650,1,SUPERMATCH,1439.29,0.6800000000000637,1,0,1,0.0
651,1,FUT Academy,1438.61,0.6699999999998454,4,1,3,0.25
652,1,PF,1437.94,0.7799999999999727,1,0,1,0.0
653,1,Omen,1437.16,0.12000000000011823,1,0,1,0.0
654,1,Comanche,1437.04,0.01999999999998181,1,0,1,0.0
655,1,Black Dragons fe,1437.02,0.5399999999999636,4,2,2,0.5
656,1,m1x,1436.48,1.1100000000001273,1,0,1,0.0
657,1,Capybara,1435.37,0.2599999999999909,1,0,1,0.0
658,1,antigrind,1435.11,0.5899999999999181,1,0,1,0.0
659,1,Cloud9,1434.52,0.11999999999989086,8,2,6,0.25
660,1,Radford University,1434.4,0.4700000000000273,2,0,2,0.0
661,1,BESTIA Academy,1433.93,0.029999999999972715,55,22,33,0.4
662,1,Change The Game,1433.9,0.09000000000014552,13,3,10,0.231
663,1,BORING PLAYERS,1433.81,0.5599999999999454,8,2,6,0.25
664,1,KLG,1433.25,0.11999999999989086,1,0,1,0.0
665,1,boyband,1433.13,0.13000000000010914,1,0,1,0.0
666,1,ex-Fire Flux,1433.0,0.14000000000010004,1,0,1,0.0
667,1,Zomblers,1432.86,0.5099999999999909,23,6,17,0.261
668,1,Singularity,1432.35,0.14999999999986358,3,1,2,0.333
669,1,B52,1432.2,0.08000000000015461,1,0,1,0.0
670,1,Unitronics,1432.12,0.5099999999999909,1,0,1,0.0
671,1,zajezdzacze,1431.61,0.459999999999809,21,8,13,0.381
672,1,pugs4contract,1431.15,0.37000000000011823,1,0,1,0.0
673,1,southern lights,1430.78,0.2599999999999909,2,0,2,0.0
674,1,Tricksters,1430.52,0.08999999999991815,19,7,12,0.368
675,1,Nas,1430.43,0.08000000000015461,1,0,1,0.0
676,1,FACEITPLAYERS,1430.35,0.5,1,0,1,0.0
677,1,Athlon,1429.85,0.32999999999992724,1,0,1,0.0
678,1,inputprayers,1429.52,0.4900000000000091,1,0,1,0.0
679,1,FIN,1429.03,0.5099999999999909,1,0,1,0.0
680,1,Sola,1428.52,0.10999999999989996,1,0,1,0.0
681,1,MAGNA,1428.41,0.14000000000010004,2,0,2,0.0
682,1,Bad News Capybaras,1428.27,0.34999999999990905,1,0,1,0.0
683,1,barry pickers,1427.92,0.3400000000001455,2,0,2,0.0
684,1,Bad News Bears,1427.58,0.16999999999984539,3,1,2,0.333
685,1,ex-Daotsu,1427.41,0.15000000000009095,1,0,1,0.0
686,1,Aogiri,1427.26,0.8299999999999272,1,0,1,0.0
687,1,coluant,1426.43,0.5800000000001546,1,0,1,0.0
688,1,DESEMPREGO,1425.85,0.2599999999999909,1,0,1,0.0
689,1,Overpeek,1425.59,1.25,1,0,1,0.0
690,1,ex-500,1424.34,0.0,1,0,1,0.0
691,1,WHYKICK,1424.34,0.15999999999985448,1,0,1,0.0
692,1,The Union,1424.18,0.16000000000008185,1,0,1,0.0
693,1,Clockwork,1424.02,0.07999999999992724,1,0,1,0.0
694,1,DNG,1423.94,0.13000000000010914,1,0,1,0.0
695,1,paiN Academy,1423.81,0.049999999999954525,101,41,60,0.406
696,1,Victores Sumus,1423.76,0.009999999999990905,1,0,1,0.0
697,1,YinYang,1423.75,0.009999999999990905,3,1,2,0.333
698,1,TUSTE CHOPAKI,1423.74,0.34999999999990905,1,0,1,0.0
699,1,KlanPedrajas,1423.39,0.060000000000172804,2,0,2,0.0
700,1,ex-Astralis Talent,1423.33,0.08999999999991815,1,0,1,0.0
701,1,SHPL,1423.24,0.8099999999999454,1,0,1,0.0
702,1,Ape Gang,1422.43,0.08000000000015461,1,0,1,0.0
703,1,mouse,1422.35,0.11999999999989086,4,1,3,0.25
704,1,MOB,1422.23,0.44000000000005457,1,0,1,0.0
705,1,Entropiq,1421.79,0.01999999999998181,1,0,1,0.0
706,1,LT5,1421.77,0.20000000000004547,1,0,1,0.0
707,1,Sentinels,1421.57,0.09999999999990905,1,0,1,0.0
708,1,DONSTU,1421.47,0.009999999999990905,57,24,33,0.421
709,1,Meta Academy,1421.46,0.05999999999994543,1,0,1,0.0
710,1,Nemesis SEA,1421.4,0.060000000000172804,2,0,2,0.0
711,1,Take Flyte Kings,1421.34,0.16999999999984539,1,0,1,0.0
712,1,Re Di,1421.17,0.2400000000000091,2,0,2,0.0
713,1,True Thunder,1420.93,0.5099999999999909,1,0,1,0.0
714,1,sleepers,1420.42,0.18000000000006366,1,0,1,0.0
715,1,Stone,1420.24,0.4900000000000091,1,0,1,0.0
716,1,Infinity,1419.75,0.13000000000010914,3,1,2,0.333
717,1,PIVOSQUAD,1419.62,0.4899999999997817,2,0,2,0.0
718,1,Believe,1419.13,0.4900000000000091,1,0,1,0.0
719,1,INFINITE Talent,1418.64,0.08000000000015461,2,0,2,0.0
720,1,way2go,1418.56,0.08999999999991815,1,0,1,0.0
721,1,AY4S,1418.47,0.5399999999999636,1,0,1,0.0
722,1,HTX,1417.93,0.13000000000010914,1,0,1,0.0
723,1,DQZS,1417.8,0.07999999999992724,1,0,1,0.0
724,1,FKOMAR,1417.72,0.03999999999996362,2,0,2,0.0
725,1,Grêmio,1417.68,0.08000000000015461,10,4,6,0.4
726,1,The MongolZ Academy,1417.6,0.31999999999993634,2,0,2,0.0
727,1,IKLA,1417.28,0.19000000000005457,1,0,1,0.0
728,1,Turkey,1417.09,0.029999999999972715,1,0,1,0.0
729,1,NAOCOPULAS,1417.06,0.2899999999999636,2,0,2,0.0
730,1,Canada,1416.77,0.11999999999989086,1,0,1,0.0
731,1,Davai Napadai,1416.65,0.25,1,0,1,0.0
732,1,Argentina,1416.4,0.17000000000007276,1,0,1,0.0
733,1,GLORE,1416.23,0.06999999999993634,1,0,1,0.0
734,1,The Art of War,1416.16,0.0,7,4,3,0.571
735,1,hindsight,1416.16,0.15000000000009095,1,0,1,0.0
736,1,Mamba mentality,1416.01,0.15000000000009095,1,0,1,0.0
737,1,KZG,1415.86,0.049999999999954525,15,7,8,0.467
738,1,FRZ,1415.81,0.07999999999992724,2,0,2,0.0
739,1,Mad Kings,1415.73,0.16000000000008185,3,1,2,0.333
740,1,Villainous,1415.57,0.05999999999994543,61,23,38,0.377
741,1,163ON,1415.51,0.09999999999990905,1,0,1,0.0
742,1,The Gentlemans Kennel,1415.41,0.2699999999999818,1,0,1,0.0
743,1,AGO,1415.14,0.040000000000190994,1,0,1,0.0
744,1,Imperial Valkyries,1415.1,0.01999999999998181,3,1,2,0.333
745,1,Flame Sharks,1415.08,0.009999999999990905,4,1,3,0.25
746,1,Katuna,1415.07,0.2999999999999545,1,0,1,0.0
747,1,ex-RED Canids,1414.77,0.15000000000009095,1,0,1,0.0
748,1,ex-Fingers Crossed,1414.62,0.03999999999996362,1,0,1,0.0
749,1,Norway,1414.58,0.10999999999989996,1,0,1,0.0
750,1,NXG,1414.47,0.03999999999996362,1,0,1,0.0
751,1,UnderDogs,1414.43,0.3300000000001546,5,1,4,0.2
752,1,AntyDPM,1414.1,0.33999999999991815,1,0,1,0.0
753,1,Budapest Five,1413.76,0.2300000000000182,1,0,1,0.0
754,1,ENERGYULTRA,1413.53,0.14999999999986358,3,1,2,0.333
755,1,Insomnia,1413.38,0.0500000000001819,1,0,1,0.0
756,1,flowstate,1413.33,0.06999999999993634,1,0,1,0.0
757,1,ROFLAN SQUAD,1413.26,0.03999999999996362,1,0,1,0.0
758,1,EPIC DUDES,1413.22,0.05999999999994543,3,1,2,0.333
759,1,For Fun,1413.16,0.029999999999972715,1,0,1,0.0
760,1,dice,1413.13,0.11000000000012733,1,0,1,0.0
761,1,Nigel Mirage,1413.02,0.13999999999987267,1,0,1,0.0
762,1,ex-Maestro,1412.88,0.03000000000020009,1,0,1,0.0
763,1,n00rg,1412.85,0.06999999999993634,1,0,1,0.0
764,1,NF0,1412.78,0.03999999999996362,1,0,1,0.0
765,1,Luminous,1412.74,0.009999999999990905,2,0,2,0.0
766,1,CSDIILIT,1412.73,0.16000000000008185,35,12,23,0.343
767,1,ROYALS,1412.57,0.12999999999988177,3,1,2,0.333
768,1,Rasta,1412.44,0.03999999999996362,1,0,1,0.0
769,1,TSG,1412.4,0.11000000000012733,7,2,5,0.286
770,1,Polar Ace,1412.29,0.4099999999998545,1,0,1,0.0
771,1,TMVG,1411.88,0.13000000000010914,1,0,1,0.0
772,1,Galactik rebels,1411.75,0.08999999999991815,2,0,2,0.0
773,1,Kraken,1411.66,0.22000000000002728,1,0,1,0.0
774,1,SKIBIDIES,1411.44,0.029999999999972715,1,0,1,0.0
775,1,ex-Young Ninjas,1411.41,0.44000000000005457,4,1,3,0.25
776,1,Tropa do KinGui,1410.97,0.009999999999990905,3,1,2,0.333
777,1,25 cents,1410.96,0.10000000000013642,2,0,2,0.0
778,1,WWGGKTA,1410.86,0.13999999999987267,1,0,1,0.0
779,1,Make Your Destiny,1410.72,0.12000000000011823,1,0,1,0.0
780,1,SadFamous,1410.6,0.1899999999998272,2,0,2,0.0
781,1,ex-ENCE,1410.41,0.029999999999972715,1,0,1,0.0
782,1,Glitchtech UK,1410.38,0.060000000000172804,2,1,1,0.5
783,1,Washed,1410.32,0.34999999999990905,1,0,1,0.0
784,1,TURAN,1409.97,0.19000000000005457,1,0,1,0.0
785,1,Peak,1409.78,0.2400000000000091,1,0,1,0.0
786,1,RB,1409.54,0.029999999999972715,1,0,1,0.0
787,1,Third Prime,1409.51,0.12999999999988177,1,0,1,0.0
788,1,TIMACETA,1409.38,0.3300000000001546,1,0,1,0.0
789,1,Last Dance,1409.05,0.12999999999988177,1,0,1,0.0
790,1,adalYamigos,1408.92,0.03999999999996362,1,0,1,0.0
791,1,LDLC,1408.88,0.2300000000000182,1,0,1,0.0
792,1,Dark Tigre,1408.65,0.15000000000009095,2,0,2,0.0
793,1,JFT,1408.5,0.03999999999996362,1,0,1,0.0
794,1,mXm,1408.46,0.11000000000012733,4,1,3,0.25
795,1,PUBG aim,1408.35,0.07999999999992724,1,0,1,0.0
796,1,ex-Heimo,1408.27,0.30999999999994543,1,0,1,0.0
797,1,FURIA fe,1407.96,0.10000000000013642,35,20,15,0.571
798,1,Envy,1407.86,0.07999999999992724,6,2,4,0.333
799,1,JackBoyz,1407.78,0.2699999999999818,1,0,1,0.0
800,1,MIBR fe,1407.51,0.37999999999988177,96,50,46,0.521
801,1,Chicken Burger,1407.13,0.07000000000016371,1,0,1,0.0
802,1,CS-GO.rs,1407.06,0.0,1,0,1,0.0
803,1,WannaNow,1407.06,0.06999999999993634,1,0,1,0.0
804,1,Revenant,1406.99,0.03999999999996362,1,0,1,0.0
805,1,GamersLab,1406.95,0.08000000000015461,4,1,3,0.25
806,1,absolute cinema,1406.87,0.0,1,0,1,0.0
807,1,Rum Bumpers,1406.87,0.16999999999984539,1,0,1,0.0
808,1,MASQ,1406.7,0.3300000000001546,1,0,1,0.0
809,1,Deorum,1406.37,0.05999999999994543,1,0,1,0.0
810,1,Reveal,1406.31,0.25,1,0,1,0.0
811,1,RAGE,1406.06,0.2799999999999727,1,0,1,0.0
812,1,By Legends,1405.78,0.01999999999998181,1,0,1,0.0
813,1,LFO 3,1405.76,0.049999999999954525,1,0,1,0.0
814,1,Xcity,1405.71,0.05999999999994543,1,0,1,0.0
815,1,Evo Novo,1405.65,0.07000000000016371,2,0,2,0.0
816,1,Hawks,1405.58,0.31999999999993634,1,0,1,0.0
817,1,DOG,1405.26,0.10999999999989996,1,0,1,0.0
818,1,LL,1405.15,0.0500000000001819,1,0,1,0.0
819,1,dotStats,1405.1,0.03999999999996362,1,0,1,0.0
820,1,FURIA Academy,1405.06,0.01999999999998181,1,0,1,0.0
821,1,Magic Cape,1405.04,0.08999999999991815,1,0,1,0.0
822,1,ex-CPH Wolves,1404.95,0.19000000000005457,1,0,1,0.0
823,1,Spirit Academy Black,1404.76,0.06999999999993634,2,0,2,0.0
824,1,Deathtrap,1404.69,0.19000000000005457,1,0,1,0.0
825,1,Pixel,1404.5,0.4800000000000182,1,0,1,0.0
826,1,makeSHIFT,1404.02,0.16000000000008185,1,0,1,0.0
827,1,Bounty Hunters fe,1403.86,0.08999999999991815,1,0,1,0.0
828,1,Preasy,1403.77,0.2599999999999909,1,0,1,0.0
829,1,FarmVille,1403.51,0.18000000000006366,14,4,10,0.286
830,1,Swole Patrol,1403.33,0.07999999999992724,1,0,1,0.0
831,1,Super Shy,1403.25,0.08999999999991815,1,0,1,0.0
832,1,Galorys Academy,1403.16,0.2699999999999818,1,0,1,0.0
833,1,iPon,1402.89,0.11000000000012733,1,0,1,0.0
834,1,Nyxon,1402.78,0.2300000000000182,1,0,1,0.0
835,1,Hooligangsters,1402.55,0.049999999999954525,1,0,1,0.0
836,1,Limitless,1402.5,0.19000000000005457,3,1,2,0.333
837,1,The Prodigies SE,1402.31,0.03999999999996362,1,0,1,0.0
838,1,Legends,1402.27,0.11999999999989086,1,0,1,0.0
839,1,Aether,1402.15,0.0,24,6,18,0.25
840,1,Famalicão,1402.15,0.17000000000007276,19,5,14,0.263
841,1,Orda,1401.98,0.14000000000010004,3,1,2,0.333
842,1,ex-RAPTORS EC,1401.84,0.07999999999992724,1,0,1,0.0
843,1,eSuba,1401.76,0.2300000000000182,7,2,5,0.286
844,1,Exsto,1401.53,0.32999999999992724,1,0,1,0.0
845,1,Infamous,1401.2,0.049999999999954525,1,0,1,0.0
846,1,O PLANO,1401.15,0.10000000000013642,1,0,1,0.0
847,1,VitaPLUR,1401.05,0.049999999999954525,1,0,1,0.0
848,1,AK BARS,1401.0,0.20000000000004547,1,0,1,0.0
849,1,finshhh,1400.8,0.009999999999990905,1,0,1,0.0
850,1,SIXSEVEN,1400.79,1.1199999999998909,2,0,2,0.0
851,1,Zingaro,1399.67,0.21000000000003638,2,0,2,0.0
852,1,Trainwrecks,1399.46,0.36000000000012733,3,1,2,0.333
853,1,Little Bocks,1399.1,0.029999999999972715,1,0,1,0.0
854,1,Victus,1399.07,0.1899999999998272,1,0,1,0.0
855,1,Illuminar,1398.88,0.5300000000002001,7,2,5,0.286
856,1,Brave Bears,1398.35,0.1999999999998181,1,0,1,0.0
857,1,ex-Marsborne,1398.15,0.040000000000190994,1,0,1,0.0
858,1,Unjustified fe,1398.11,0.07999999999992724,1,0,1,0.0
859,1,LGR,1398.03,0.13999999999987267,1,0,1,0.0
860,1,Akimbo,1397.89,0.07000000000016371,11,3,8,0.273
861,1,SPORT,1397.82,0.7699999999999818,1,0,1,0.0
862,1,TBD-PL,1397.05,0.14999999999986358,1,0,1,0.0
863,1,Zorka Future,1396.9,0.040000000000190994,1,0,1,0.0
864,1,Black Mold,1396.86,0.30999999999994543,1,0,1,0.0
865,1,Grindas,1396.55,0.049999999999954525,1,0,1,0.0
866,1,RATIO'D,1396.5,0.009999999999990905,1,0,1,0.0
867,1,Midnight,1396.49,0.10999999999989996,1,0,1,0.0
868,1,JANO,1396.38,0.010000000000218279,5,1,4,0.2
869,1,train launcher,1396.37,0.33999999999991815,8,3,5,0.375
870,1,FlyQuest RED,1396.03,0.2899999999999636,26,11,15,0.423
871,1,wwaves,1395.74,0.05999999999994543,1,0,1,0.0
872,1,Fragging for Andy,1395.68,0.08000000000015461,1,0,1,0.0
873,1,Cryptova,1395.6,0.07999999999992724,1,0,1,0.0
874,1,CTNex,1395.52,0.31999999999993634,2,0,2,0.0
875,1,Imp Pact fe,1395.2,0.22000000000002728,1,0,1,0.0
876,1,BERG,1394.98,0.03999999999996362,15,6,9,0.4
877,1,RVNS,1394.94,0.3400000000001455,1,0,1,0.0
878,1,RKON,1394.6,0.05999999999994543,4,2,2,0.5
879,1,panelinha,1394.54,0.10999999999989996,1,0,1,0.0
880,1,Overtake Sector,1394.43,0.40000000000009095,11,4,7,0.364
881,1,NLG,1394.03,0.009999999999990905,1,0,1,0.0
882,1,hREDS,1394.02,0.06999999999993634,1,0,1,0.0
883,1,MAXXPOWER,1393.95,0.049999999999954525,2,0,2,0.0
884,1,maquinas,1393.9,0.060000000000172804,2,0,2,0.0
885,1,WYDO,1393.84,0.5499999999999545,1,0,1,0.0
886,1,163NEWS,1393.29,0.33999999999991815,2,0,2,0.0
887,1,Oilers,1392.95,0.7699999999999818,1,0,1,0.0
888,1,Bad Luck,1392.18,0.07000000000016371,4,1,3,0.25
889,1,mew,1392.11,0.009999999999990905,1,0,1,0.0
890,1,Old Guys Club,1392.1,0.0,1,0,1,0.0
891,1,fullw,1392.1,0.05999999999994543,2,0,2,0.0
892,1,RTT100,1392.04,0.01999999999998181,2,0,2,0.0
893,1,flacons,1392.02,0.0,2,0,2,0.0
894,1,AimerLegion,1392.02,0.5299999999999727,1,0,1,0.0
895,1,Messitas,1391.49,0.03999999999996362,1,0,1,0.0
896,1,aAa,1391.45,0.3500000000001364,17,4,13,0.235
897,1,OldBoys FR,1391.1,0.16999999999984539,1,0,1,0.0
898,1,KR,1390.93,0.0,1,0,1,0.0
899,1,Final Feature,1390.93,0.37000000000011823,1,0,1,0.0
900,1,COVEN,1390.56,0.3999999999998636,1,0,1,0.0
901,1,Reactor 9,1390.16,0.0500000000001819,3,0,3,0.0
902,1,Heimo,1390.11,0.34999999999990905,1,0,1,0.0
903,1,ex-Divina fe,1389.76,0.06999999999993634,1,0,1,0.0
904,1,Sissi State Punks,1389.69,0.6200000000001182,3,1,2,0.333
905,1,LastWind,1389.07,0.5799999999999272,1,0,1,0.0
906,1,EMPIRE,1388.49,0.009999999999990905,11,4,7,0.364
907,1,BUFF3D UP,1388.48,0.15000000000009095,1,0,1,0.0
908,1,eternal premium,1388.33,0.11999999999989086,31,12,19,0.387
909,1,Drama,1388.21,0.029999999999972715,6,1,5,0.167
910,1,Orion,1388.18,0.25,1,0,1,0.0
911,1,MASSIVEimpact,1387.93,0.16000000000008185,1,0,1,0.0
912,1,Mc,1387.77,0.2400000000000091,2,0,2,0.0
913,1,Totsugeki,1387.53,0.09999999999990905,1,0,1,0.0
914,1,Chimera,1387.43,0.049999999999954525,2,0,2,0.0
915,1,Mai Tai,1387.38,0.36000000000012733,26,8,18,0.308
916,1,Post Mortem,1387.02,0.16000000000008185,1,0,1,0.0
917,1,1WIN NA,1386.86,0.0,1,0,1,0.0
918,1,NC,1386.86,0.6099999999999,2,0,2,0.0
919,1,ex-CLG Red,1386.25,0.5599999999999454,1,0,1,0.0
920,1,XDM,1385.69,0.18000000000006366,2,0,2,0.0
921,1,Disconnected,1385.51,0.20000000000004547,1,0,1,0.0
922,1,NIC,1385.31,0.16999999999984539,3,0,3,0.0
923,1,NA savers,1385.14,0.2400000000000091,1,0,1,0.0
924,1,WG Bandits,1384.9,0.08000000000015461,1,0,1,0.0
925,1,Take Charge,1384.82,0.03999999999996362,1,0,1,0.0
926,1,REIGN,1384.78,0.2899999999999636,1,0,1,0.0
927,1,DUSTY,1384.49,0.19000000000005457,2,0,2,0.0
928,1,Cherry Bombs,1384.3,0.01999999999998181,1,0,1,0.0
929,1,GODSENT fe,1384.28,0.049999999999954525,1,0,1,0.0
930,1,AVANGAR,1384.23,0.08999999999991815,1,0,1,0.0
931,1,Cafeina,1384.14,0.009999999999990905,1,0,1,0.0
932,1,A FUNDAÇÃO,1384.13,0.39000000000010004,2,0,2,0.0
933,1,levelONE,1383.74,0.029999999999972715,2,0,2,0.0
934,1,SENZA,1383.71,0.16000000000008185,2,0,2,0.0
935,1,ex-Eternal Fire,1383.55,0.8899999999998727,1,0,1,0.0
936,1,DNA,1382.66,1.050000000000182,1,0,1,0.0
937,1,cleanup crew fe,1381.61,0.009999999999990905,1,0,1,0.0
938,1,Valence,1381.6,0.049999999999954525,1,0,1,0.0
939,1,It's a Secret,1381.55,0.21000000000003638,2,0,2,0.0
940,1,NomadS,1381.34,0.08999999999991815,15,3,12,0.2
941,1,Parabellum fe,1381.25,0.2599999999999909,1,0,1,0.0
942,1,Hyperion,1380.99,0.009999999999990905,1,0,1,0.0
943,1,BlackBelt,1380.98,0.029999999999972715,2,0,2,0.0
944,1,MAZRAEA,1380.95,0.11000000000012733,2,0,2,0.0
945,1,RUSH,1380.84,0.01999999999998181,2,0,2,0.0
946,1,mocreias,1380.82,0.5499999999999545,1,0,1,0.0
947,1,Tsunami Sirens,1380.27,0.05999999999994543,1,0,1,0.0
948,1,NorVa's Last Peek,1380.21,0.10000000000013642,1,0,1,0.0
949,1,Dripmen,1380.11,0.5899999999999181,11,3,8,0.273
950,1,Arcade,1379.52,0.05999999999994543,62,23,39,0.371
951,1,Antic,1379.46,0.12000000000011823,1,0,1,0.0
952,1,Kungar,1379.34,0.009999999999990905,1,0,1,0.0
953,1,Supernova Comets,1379.33,0.07999999999992724,2,0,2,0.0
954,1,ImmuNe,1379.25,0.03999999999996362,1,0,1,0.0
955,1,Crashers,1379.21,0.049999999999954525,35,10,25,0.286
956,1,XCLAN,1379.16,0.8500000000001364,2,0,2,0.0
957,1,FUT Turkuaz,1378.31,0.11999999999989086,2,0,2,0.0
958,1,Money Crew,1378.19,0.029999999999972715,5,1,4,0.2
959,1,Diamant,1378.16,0.7400000000000091,9,3,6,0.333
960,1,Kidisgraça,1377.42,0.11000000000012733,1,0,1,0.0
961,1,DEAC,1377.31,0.7200000000000273,1,0,1,0.0
962,1,Ghost,1376.59,0.05999999999994543,11,4,7,0.364
963,1,Muttley Crew,1376.53,0.049999999999954525,1,0,1,0.0
964,1,Vael,1376.48,0.41000000000008185,2,0,2,0.0
965,1,Giant Pandas,1376.07,1.6499999999998636,2,0,2,0.0
966,1,Toronto,1374.42,0.20000000000004547,1,0,1,0.0
967,1,Zeste,1374.22,0.25,2,0,2,0.0
968,1,METANOIA,1373.97,0.029999999999972715,3,0,3,0.0
969,1,Hacha,1373.94,0.2300000000000182,1,0,1,0.0
970,1,boosters,1373.71,0.009999999999990905,2,0,2,0.0
971,1,beznegativa,1373.7,0.2899999999999636,2,0,2,0.0
972,1,JERSA,1373.41,0.12000000000011823,1,0,1,0.0
973,1,Nordic Valor,1373.29,0.6299999999998818,1,0,1,0.0
974,1,Insiders,1372.66,0.14000000000010004,2,0,2,0.0
975,1,Marca Registrada,1372.52,0.13999999999987267,1,0,1,0.0
976,1,Blahaj,1372.38,0.3500000000001364,1,0,1,0.0
977,1,Yoru,1372.03,0.2999999999999545,2,0,2,0.0
978,1,Amped,1371.73,0.6900000000000546,1,0,1,0.0
979,1,DH Premium,1371.04,1.2899999999999636,1,0,1,0.0
980,1,100RA,1369.75,1.1700000000000728,2,0,2,0.0
981,1,Housebets,1368.58,1.1299999999998818,1,0,1,0.0
982,1,ex-CSDIILIT,1367.45,0.5099999999999909,2,0,2,0.0
983,1,COPH9K,1366.94,0.029999999999972715,1,0,1,0.0
984,1,ABT,1366.91,0.19000000000005457,2,0,2,0.0
985,1,Lilmix,1366.72,0.06999999999993634,102,31,71,0.304
986,1,bullpeek,1366.65,0.4700000000000273,1,0,1,0.0
987,1,Green Tea Party,1366.18,0.060000000000172804,1,0,1,0.0
988,1,FIGHTERS,1366.12,0.36999999999989086,1,0,1,0.0
989,1,Minkens finest,1365.75,1.25,3,0,3,0.0
990,1,BIG EQUIPA,1364.5,0.0,5,1,4,0.2
991,1,Fresh Food People,1364.5,0.13000000000010914,1,0,1,0.0
992,1,Persona Grata,1364.37,0.049999999999954525,2,0,2,0.0
993,1,Abyss,1364.32,0.13999999999987267,1,0,1,0.0
994,1,SINQU,1364.18,0.2999999999999545,23,6,17,0.261
995,1,nomix,1363.88,1.400000000000091,2,0,2,0.0
996,1,Divina fe,1362.48,0.03999999999996362,3,1,2,0.333
997,1,iM Apartments,1362.44,1.1600000000000819,1,0,1,0.0
998,1,Blazing Beavers,1361.28,0.17000000000007276,2,0,2,0.0
999,1,Orion Wanderers,1361.11,0.11999999999989086,2,0,2,0.0
1000,1,Impulse GW,1360.99,0.5,3,0,3,0.0
1001,1,Desi Boyz,1360.49,0.03999999999996362,1,0,1,0.0
1002,1,JUMBO,1360.45,0.22000000000002728,7,1,6,0.143
1003,1,Brazen,1360.23,0.34999999999990905,2,0,2,0.0
1004,1,FLUFFY AIMERS,1359.88,0.14000000000010004,2,0,2,0.0
1005,1,Meta,1359.74,0.9800000000000182,2,0,2,0.0
1006,1,Skele,1358.76,0.029999999999972715,12,3,9,0.25
1007,1,101EST,1358.73,1.1200000000001182,1,0,1,0.0
1008,1,Blitz,1357.61,0.07999999999992724,1,0,1,0.0
1009,1,Festina Lente,1357.53,0.20000000000004547,2,0,2,0.0
1010,1,Dhala,1357.33,1.0299999999999727,2,0,2,0.0
1011,1,WINDINGO,1356.3,0.7799999999999727,2,0,2,0.0
1012,1,Full House,1355.52,0.2899999999999636,1,0,1,0.0
1013,1,WeClear,1355.23,0.14000000000010004,1,0,1,0.0
1014,1,WiLD,1355.09,0.2999999999999545,2,0,2,0.0
1015,1,winstonblue,1354.79,0.2899999999999636,1,0,1,0.0
1016,1,Nordic Partners,1354.5,0.14000000000010004,3,0,3,0.0
1017,1,NineFly,1354.36,0.8099999999999454,1,0,1,0.0
1018,1,MARKandLARRY,1353.55,0.4800000000000182,8,2,6,0.25
1019,1,AGA,1353.07,0.31999999999993634,1,0,1,0.0
1020,1,Straight2Killin,1352.75,0.10999999999989996,3,0,3,0.0
1021,1,Spirit HU,1352.64,0.3300000000001546,9,3,6,0.333
1022,1,NOMERCY,1352.31,0.01999999999998181,4,0,4,0.0
1023,1,Phoenix,1352.29,0.6099999999999,7,1,6,0.143
1024,1,8Sins,1351.68,0.4700000000000273,7,2,5,0.286
1025,1,Demolition,1351.21,0.5199999999999818,1,0,1,0.0
1026,1,777,1350.69,0.05999999999994543,11,3,8,0.273
1027,1,NuTorious,1350.63,0.03000000000020009,29,9,20,0.31
1028,1,ZEVS,1350.6,0.4399999999998272,2,0,2,0.0
1029,1,Kinoa,1350.16,0.7599999999999909,2,0,2,0.0
1030,1,LFO 7,1349.4,0.13000000000010914,1,0,1,0.0
1031,1,Shimmer,1349.27,0.33999999999991815,88,44,44,0.5
1032,1,megoshort,1348.93,0.08000000000015461,44,11,33,0.25
1033,1,Dark Tigers,1348.85,0.5399999999999636,2,0,2,0.0
1034,1,boomer demons,1348.31,0.849999999999909,3,0,3,0.0
1035,1,Players,1347.46,0.029999999999972715,15,4,11,0.267
1036,1,Wanted Goons,1347.43,0.7599999999999909,71,26,45,0.366
1037,1,Celestial,1346.67,0.8000000000001819,1,0,1,0.0
1038,1,The Quest,1345.87,1.25,2,0,2,0.0
1039,1,FOKUS REALITY,1344.62,1.0199999999999818,3,0,3,0.0
1040,1,Reign Above,1343.6,0.3999999999998636,12,2,10,0.167
1041,1,500 Rush,1343.2,0.2999999999999545,2,0,2,0.0
1042,1,Young TigeRES,1342.9,0.03000000000020009,5,1,4,0.2
1043,1,QueenConso,1342.87,0.4099999999998545,2,0,2,0.0
1044,1,Invicta,1342.46,0.40000000000009095,3,1,2,0.333
1045,1,EXSAD,1342.06,0.009999999999990905,3,0,3,0.0
1046,1,ClayMakers,1342.05,0.22000000000002728,3,0,3,0.0
1047,1,FoxHound,1341.83,1.3999999999998636,2,0,2,0.0
1048,1,EGOISTO,1340.43,0.07000000000016371,3,0,3,0.0
1049,1,ADN,1340.36,0.6799999999998363,2,0,2,0.0
1050,1,Exilium,1339.68,0.43000000000006366,2,0,2,0.0
1051,1,X7,1339.25,0.39000000000010004,3,0,3,0.0
1052,1,neXtPlease!,1338.86,0.2799999999999727,2,0,2,0.0
1053,1,Universe,1338.58,0.22000000000002728,2,0,2,0.0
1054,1,Brahmas,1338.36,0.34999999999990905,3,1,2,0.333
1055,1,Procyon,1338.01,1.0899999999999181,81,30,51,0.37
1056,1,SAAB,1336.92,0.4900000000000091,2,0,2,0.0
1057,1,Z7,1336.43,1.4700000000000273,3,0,3,0.0
1058,1,LA MASIA,1334.96,0.20000000000004547,2,0,2,0.0
1059,1,Surge,1334.76,0.40000000000009095,3,0,3,0.0
1060,1,Citronnade,1334.36,0.4399999999998272,1,0,1,0.0
1061,1,Ølgod Efterskole,1333.92,0.2799999999999727,2,0,2,0.0
1062,1,Worms,1333.64,0.2400000000000091,2,0,2,0.0
1063,1,FURY,1333.4,0.39000000000010004,16,3,13,0.188
1064,1,Oatzu's Hips,1333.01,0.10999999999989996,2,0,2,0.0
1065,1,6666,1332.9,1.0300000000002,9,1,8,0.111
1066,1,DALUYONG,1331.87,0.05999999999994543,2,0,2,0.0
1067,1,premdesant,1331.81,0.09999999999990905,3,0,3,0.0
1068,1,RayRay,1331.71,0.4700000000000273,3,1,2,0.333
1069,1,INFURITY,1331.24,0.17000000000007276,2,0,2,0.0
1070,1,Strael Bora,1331.07,0.9099999999998545,16,6,10,0.375
1071,1,Aura,1330.16,0.43000000000006366,2,0,2,0.0
1072,1,ex-GUARA,1329.73,0.11000000000012733,2,0,2,0.0
1073,1,Myth,1329.62,1.009999999999991,1,0,1,0.0
1074,1,Luleflames,1328.61,0.5299999999999727,2,0,2,0.0
1075,1,Ravens,1328.08,0.11999999999989086,2,0,2,0.0
1076,1,Kreazion,1327.96,1.509999999999991,2,0,2,0.0
1077,1,Project Eversio,1326.45,1.5499999999999545,2,0,2,0.0
1078,1,VTM,1324.9,0.0500000000001819,3,0,3,0.0
1079,1,FromPR,1324.85,0.2199999999997999,3,0,3,0.0
1080,1,NtK,1324.63,1.240000000000009,2,0,2,0.0
1081,1,DNK,1323.39,0.3300000000001546,4,1,3,0.25
1082,1,MAGICOS,1323.06,0.25,18,6,12,0.333
1083,1,Voracity,1322.81,2.119999999999891,1,0,1,0.0
1084,1,DXA,1320.69,0.6600000000000819,87,29,58,0.333
1085,1,Linx Legacy,1320.03,0.42000000000007276,2,0,2,0.0
1086,1,Julie&Cie,1319.61,0.32999999999992724,12,3,9,0.25
1087,1,IDoPieca,1319.28,0.9400000000000546,5,0,5,0.0
1088,1,Ding Cuts,1318.34,1.1199999999998909,11,3,8,0.273
1089,1,Privateer,1317.22,0.18000000000006366,13,4,9,0.308
1090,1,Eruption,1317.04,0.19000000000005457,9,1,8,0.111
1091,1,Red Feet,1316.85,0.2199999999997999,16,6,10,0.375
1092,1,LAGUNA,1316.63,0.6200000000001182,2,0,2,0.0
1093,1,mindshock,1316.01,0.7799999999999727,2,0,2,0.0
1094,1,The Suspect,1315.23,0.43000000000006366,2,0,2,0.0
1095,1,DAMAJUANA,1314.8,0.7100000000000364,2,0,2,0.0
1096,1,Eternal 21,1314.09,0.9199999999998454,2,0,2,0.0
1097,1,gang albanii,1313.17,1.6000000000001364,2,0,2,0.0
1098,1,OlyBet,1311.57,0.75,57,17,40,0.298
1099,1,A Great Chaos,1310.82,0.2799999999999727,3,0,3,0.0
1100,1,LE-LUX,1310.54,0.7899999999999636,2,0,2,0.0
1101,1,SNOGARD Dragons,1309.75,0.2899999999999636,2,0,2,0.0
1102,1,ZOTIX,1309.46,1.3299999999999272,3,0,3,0.0
1103,1,GRINGOS,1308.13,0.790000000000191,4,0,4,0.0
1104,1,ODDIK Academy,1307.34,0.12999999999988177,10,2,8,0.2
1105,1,KHAN,1307.21,3.380000000000109,3,0,3,0.0
1106,1,Arise,1303.83,0.38999999999987267,4,0,4,0.0
1107,1,Flying Angels,1303.44,0.9300000000000637,3,0,3,0.0
1108,1,METANOIA Wolves,1302.51,0.25,51,17,34,0.333
1109,1,X13,1302.26,0.2799999999999727,2,0,2,0.0
1110,1,Finishers,1301.98,0.18000000000006366,2,0,2,0.0
1111,1,Haemus,1301.8,1.6499999999998636,3,0,3,0.0
1112,1,SINQU REHTI,1300.15,0.8800000000001091,5,1,4,0.2
1113,1,Younglings,1299.27,1.8599999999999,4,0,4,0.0
1114,1,VRSoholics,1297.41,0.060000000000172804,3,0,3,0.0
1115,1,Avanti,1297.35,0.4699999999997999,6,0,6,0.0
1116,1,Vandulken,1296.88,0.2700000000002092,2,0,2,0.0
1117,1,anything else,1296.61,0.3999999999998636,5,1,4,0.2
1118,1,ROUNDS,1296.21,1.1000000000001364,29,8,21,0.276
1119,1,LUNA,1295.11,0.03999999999996362,3,0,3,0.0
1120,1,girl kissers,1295.07,0.7100000000000364,2,0,2,0.0
1121,1,LFO 6,1294.36,0.03999999999996362,2,0,2,0.0
1122,1,Nouns fe,1294.32,0.30999999999994543,2,0,2,0.0
1123,1,Squared,1294.01,0.2400000000000091,2,0,2,0.0
1124,1,Banda Chuya,1293.77,0.44000000000005457,2,0,2,0.0
1125,1,dJ uNT frIENDS,1293.33,0.6899999999998272,2,0,2,0.0
1126,1,Zealous,1292.64,0.09000000000014552,3,0,3,0.0
1127,1,Banger Gang,1292.55,0.37999999999988177,2,0,2,0.0
1128,1,Sashi Academy,1292.17,0.2799999999999727,14,3,11,0.214
1129,1,GAMEHARMONY,1291.89,0.020000000000209184,4,0,4,0.0
1130,1,premghouls,1291.87,0.30999999999994543,3,0,3,0.0
1131,1,R2,1291.56,0.44000000000005457,21,6,15,0.286
1132,1,showmakerz,1291.12,0.2999999999999545,2,0,2,0.0
1133,1,Beyond Limits,1290.82,0.4700000000000273,6,1,5,0.167
1134,1,Dusty Roses,1290.35,0.34999999999990905,2,0,2,0.0
1135,1,Quem Sao Elas,1290.0,0.36999999999989086,2,0,2,0.0
1136,1,AIRLYA,1289.63,0.2300000000000182,3,0,3,0.0
1137,1,KG fe,1289.4,0.01999999999998181,2,0,2,0.0
1138,1,Y5,1289.38,1.040000000000191,3,0,3,0.0
1139,1,Fuego,1288.34,0.2799999999999727,4,0,4,0.0
1140,1,raisedbypixels,1288.06,0.2999999999999545,2,0,2,0.0
1141,1,AimAssasins,1287.76,0.03999999999996362,2,0,2,0.0
1142,1,The Boys,1287.72,1.25,2,0,2,0.0
1143,1,BA 2,1286.47,0.39000000000010004,3,0,3,0.0
1144,1,Sangal Academy,1286.08,0.0,4,0,4,0.0
1145,1,OverKnight,1286.08,2.5299999999999727,8,2,6,0.25
1146,1,byte,1283.55,0.2999999999999545,2,0,2,0.0
1147,1,Dark Moon,1283.25,0.8800000000001091,7,1,6,0.143
1148,1,Masked Regime,1282.37,0.6899999999998272,2,0,2,0.0
1149,1,Atrix,1281.68,0.5800000000001546,49,20,29,0.408
1150,1,Ascend,1281.1,0.2400000000000091,5,0,5,0.0
1151,1,Gatorian,1280.86,1.9799999999997908,3,0,3,0.0
1152,1,HAVENs,1278.88,1.3700000000001182,2,0,2,0.0
1153,1,Floripa Stars,1277.51,0.4500000000000455,3,0,3,0.0
1154,1,CHAOS,1277.06,1.240000000000009,4,0,4,0.0
1155,1,ex-KRÜ,1275.82,1.099999999999909,24,6,18,0.25
1156,1,Wave,1274.72,0.6100000000001273,5,1,4,0.2
1157,1,Sidequest,1274.11,0.5399999999999636,3,0,3,0.0
1158,1,Boys N Da HUD,1273.57,0.599999999999909,4,0,4,0.0
1159,1,Qual4,1272.97,0.25,4,0,4,0.0
1160,1,ELITES,1272.72,1.0599999999999454,3,0,3,0.0
1161,1,LITE,1271.66,3.630000000000109,5,0,5,0.0
1162,1,Winners,1268.03,0.9600000000000364,4,0,4,0.0
1163,1,XI,1267.07,1.6099999999999,7,1,6,0.143
1164,1,Blitzkrieg,1265.46,2.2799999999999727,21,7,14,0.333
1165,1,Fortress,1263.18,3.1700000000000728,21,5,16,0.238
1166,1,BBBMBCBS,1260.01,1.3099999999999454,5,0,5,0.0
1167,1,95 Vikings,1258.7,1.8700000000001182,2,0,2,0.0
1168,1,Vantage,1256.83,1.2300000000000182,16,5,11,0.312
1169,1,GUARA,1255.6,0.8399999999999181,19,5,14,0.263
1170,1,Citron,1254.76,0.41000000000008185,3,0,3,0.0
1171,1,Canon Event,1254.35,0.13999999999987267,2,0,2,0.0
1172,1,THE UNIT,1254.21,2.130000000000109,10,2,8,0.2
1173,1,AKA HERO KAJO,1252.08,0.4299999999998363,3,0,3,0.0
1174,1,KUUSAMO,1251.65,0.08000000000015461,11,3,8,0.273
1175,1,atputies,1251.57,0.3999999999998636,10,1,9,0.1
1176,1,W7M fe,1251.17,1.5299999999999727,5,1,4,0.2
1177,1,Hermine,1249.64,0.5800000000001546,3,0,3,0.0
1178,1,Limitless Angels,1249.06,0.4800000000000182,3,0,3,0.0
1179,1,seoul,1248.58,2.0799999999999272,2,0,2,0.0
1180,1,MEIA NOITE,1246.5,3.839999999999918,5,1,4,0.2
1181,1,PEAK fe,1242.66,1.1000000000001364,3,0,3,0.0
1182,1,Aimhaus,1241.56,0.8199999999999363,3,0,3,0.0
1183,1,Square Sausages,1240.74,4.930000000000064,3,0,3,0.0
1184,1,BeBold,1235.81,2.3599999999999,3,0,3,0.0
1185,1,Charrados,1233.45,3.3099999999999454,7,1,6,0.143
1186,1,CTRL,1230.14,0.3200000000001637,6,1,5,0.167
1187,1,Washington,1229.82,1.1699999999998454,11,1,10,0.091
1188,1,Vasco,1228.65,0.3400000000001455,33,9,24,0.273
1189,1,Saints,1228.31,3.730000000000018,3,0,3,0.0
1190,1,DETONATE SparX,1224.58,3.189999999999827,3,0,3,0.0
1191,1,UR,1221.39,2.3500000000001364,8,0,8,0.0
1192,1,MGLBROS,1219.04,8.740000000000009,3,0,3,0.0
1193,1,DUNDU,1210.3,3.7799999999999727,5,0,5,0.0
1194,1,Nocturnal,1206.52,0.12999999999988177,5,0,5,0.0
1195,1,ENRAGE,1206.39,2.0,3,0,3,0.0
1196,1,home,1204.39,0.20000000000004547,9,1,8,0.111
1197,1,F5,1204.19,2.410000000000082,14,2,12,0.143
1198,1,Curralzinho,1201.78,0.41000000000008185,4,0,4,0.0
1199,1,Pugdesonesto,1201.37,1.1799999999998363,4,0,4,0.0
1200,1,LEO SE,1200.19,0.37000000000011823,5,0,5,0.0
1201,1,Sakura,1199.82,4.309999999999945,5,0,5,0.0
1202,1,Project 91,1195.51,16.519999999999982,9,1,8,0.111
1203,1,ZWAW,1178.99,0.6300000000001091,3,0,3,0.0
1204,1,Trouble makers,1178.36,1.9699999999998,2,0,2,0.0
1205,1,Underground,1176.39,1.759999999999991,15,1,14,0.067
1206,1,Clutchain fe,1174.63,4.0300000000002,10,2,8,0.2
1207,1,MTX,1170.6,3.189999999999827,8,1,7,0.125
1208,1,Four Magic fe,1167.41,0.43000000000006366,5,0,5,0.0
1209,1,CarritoSpain,1166.98,1.7100000000000364,8,0,8,0.0
1210,1,Game Point,1165.27,2.509999999999991,5,0,5,0.0
1211,1,Lotus fe,1162.76,1.5399999999999636,6,0,6,0.0
1212,1,ALTAY,1161.22,10.059999999999945,11,1,10,0.091
1213,1,Subtop De France,1151.16,7.720000000000027,16,2,14,0.125
1214,1,ALZON,1143.44,10.259999999999991,10,0,10,0.0
1215,1,EC BANGA,1133.18,9.519999999999982,10,1,9,0.1
1216,1,thekillaz fe,1123.66,22.220000000000027,6,0,6,0.0
1217,1,BOJONG,1101.44,11.240000000000009,4,0,4,0.0
1218,1,CAPIVARAS,1090.2,33.74000000000001,6,0,6,0.0
1219,1,HereWeGoAgain,1056.46,9.63000000000011,7,0,7,0.0
1220,1,Time Waves,1046.83,10.399999999999864,13,0,13,0.0
1221,1,DragonClaw,1036.43,22.32000000000005,8,0,8,0.0
1222,1,Pigeons,1014.11,0.0,13,0,13,0.0
